2026-05-11 17:56:47.856 INFO  [main] com.example.moviebot.Application - Starting Application using Java 21.0.10 with PID 7120 (D:\Movie-bot88\target\classes started by sokol in D:\Movie-bot88)
2026-05-11 17:56:47.859 INFO  [main] com.example.moviebot.Application - No active profile set, falling back to 1 default profile: "default"
2026-05-11 17:56:48.429 INFO  [main] o.s.d.r.c.RepositoryConfigurationDelegate - Bootstrapping Spring Data JPA repositories in DEFAULT mode.
2026-05-11 17:56:48.468 INFO  [main] o.s.d.r.c.RepositoryConfigurationDelegate - Finished Spring Data repository scanning in 32 ms. Found 2 JPA repository interfaces.
2026-05-11 17:56:48.834 INFO  [main] o.s.b.w.e.tomcat.TomcatWebServer - Tomcat initialized with port 8080 (http)
2026-05-11 17:56:48.845 INFO  [main] o.a.coyote.http11.Http11NioProtocol - Initializing ProtocolHandler ["http-nio-8080"]
2026-05-11 17:56:48.846 INFO  [main] o.a.catalina.core.StandardService - Starting service [Tomcat]
2026-05-11 17:56:48.846 INFO  [main] o.a.catalina.core.StandardEngine - Starting Servlet engine: [Apache Tomcat/10.1.53]
2026-05-11 17:56:48.889 INFO  [main] o.a.c.c.C.[Tomcat].[localhost].[/] - Initializing Spring embedded WebApplicationContext
2026-05-11 17:56:48.890 INFO  [main] o.s.b.w.s.c.ServletWebServerApplicationContext - Root WebApplicationContext: initialization completed in 999 ms
2026-05-11 17:56:48.993 DEBUG [main] o.s.o.j.LocalContainerEntityManagerFactoryBean - Building JPA container EntityManagerFactory for persistence unit 'default'
2026-05-11 17:56:49.012 INFO  [main] o.h.jpa.internal.util.LogHelper - HHH000204: Processing PersistenceUnitInfo [name: default]
2026-05-11 17:56:49.074 INFO  [main] org.hibernate.Version - HHH000412: Hibernate ORM core version 6.6.45.Final
2026-05-11 17:56:49.103 INFO  [main] o.h.c.i.RegionFactoryInitiator - HHH000026: Second-level cache disabled
2026-05-11 17:56:49.378 INFO  [main] o.s.o.j.p.SpringPersistenceUnitInfo - No LoadTimeWeaver setup: ignoring JPA class transformer
2026-05-11 17:56:49.409 INFO  [main] com.zaxxer.hikari.HikariDataSource - HikariPool-1 - Starting...
2026-05-11 17:56:49.606 INFO  [main] com.zaxxer.hikari.pool.HikariPool - HikariPool-1 - Added connection org.sqlite.jdbc4.JDBC4Connection@1b1ea1d9
2026-05-11 17:56:49.607 INFO  [main] com.zaxxer.hikari.HikariDataSource - HikariPool-1 - Start completed.
2026-05-11 17:56:49.639 INFO  [main] o.hibernate.orm.connections.pooling - HHH10001005: Database info:
	Database JDBC URL [Connecting through datasource 'HikariDataSource (HikariPool-1)']
	Database driver: undefined/unknown
	Database version: 3.49.1
	Autocommit mode: undefined/unknown
	Isolation level: undefined/unknown
	Minimum pool size: undefined/unknown
	Maximum pool size: undefined/unknown
2026-05-11 17:56:50.249 INFO  [main] o.h.e.t.j.p.i.JtaPlatformInitiator - HHH000489: No JTA platform available (set 'hibernate.transaction.jta.platform' to enable JTA platform integration)
2026-05-11 17:56:50.275 INFO  [main] o.s.o.j.LocalContainerEntityManagerFactoryBean - Initialized JPA EntityManagerFactory for persistence unit 'default'
2026-05-11 17:56:50.484 INFO  [main] o.s.d.j.r.query.QueryEnhancerFactory - Hibernate is in classpath; If applicable, HQL parser will be used.
2026-05-11 17:56:51.687 WARN  [main] o.s.b.a.o.j.JpaBaseConfiguration$JpaWebConfiguration - spring.jpa.open-in-view is enabled by default. Therefore, database queries may be performed during view rendering. Explicitly configure spring.jpa.open-in-view to disable this warning
2026-05-11 17:56:51.724 INFO  [main] o.s.v.b.OptionalValidatorFactoryBean - Failed to set up a Bean Validation provider: jakarta.validation.NoProviderFoundException: Unable to create a Configuration, because no Jakarta Bean Validation provider could be found. Add a provider like Hibernate Validator (RI) to your classpath.
2026-05-11 17:56:51.865 ERROR [BestMovie4you_bot Telegram Connection] o.t.t.u.DefaultBotSession - Error executing org.telegram.telegrambots.meta.api.methods.updates.GetUpdates query: [409] Conflict: terminated by other getUpdates request; make sure that only one bot instance is running
Error executing org.telegram.telegrambots.meta.api.methods.updates.GetUpdates query: [409] Conflict: terminated by other getUpdates request; make sure that only one bot instance is running
	at org.telegram.telegrambots.meta.api.methods.PartialBotApiMethod.deserializeResponseInternal(PartialBotApiMethod.java:54)
	at org.telegram.telegrambots.meta.api.methods.PartialBotApiMethod.deserializeResponseArray(PartialBotApiMethod.java:39)
	at org.telegram.telegrambots.meta.api.methods.updates.GetUpdates.deserializeResponse(GetUpdates.java:86)
	at org.telegram.telegrambots.updatesreceivers.DefaultBotSession$ReaderThread.getUpdatesFromServer(DefaultBotSession.java:258)
	at org.telegram.telegrambots.updatesreceivers.DefaultBotSession$ReaderThread.run(DefaultBotSession.java:188)
2026-05-11 17:56:52.022 INFO  [main] o.a.coyote.http11.Http11NioProtocol - Starting ProtocolHandler ["http-nio-8080"]
2026-05-11 17:56:52.030 INFO  [main] o.s.b.w.e.tomcat.TomcatWebServer - Tomcat started on port 8080 (http) with context path '/'
2026-05-11 17:56:52.036 INFO  [main] com.example.moviebot.Application - Started Application in 4.496 seconds (process running for 5.714)
2026-05-11 17:56:55.434 ERROR [BestMovie4you_bot Telegram Connection] o.t.t.u.DefaultBotSession - Error executing org.telegram.telegrambots.meta.api.methods.updates.GetUpdates query: [409] Conflict: terminated by other getUpdates request; make sure that only one bot instance is running
Error executing org.telegram.telegrambots.meta.api.methods.updates.GetUpdates query: [409] Conflict: terminated by other getUpdates request; make sure that only one bot instance is running
	at org.telegram.telegrambots.meta.api.methods.PartialBotApiMethod.deserializeResponseInternal(PartialBotApiMethod.java:54)
	at org.telegram.telegrambots.meta.api.methods.PartialBotApiMethod.deserializeResponseArray(PartialBotApiMethod.java:39)
	at org.telegram.telegrambots.meta.api.methods.updates.GetUpdates.deserializeResponse(GetUpdates.java:86)
	at org.telegram.telegrambots.updatesreceivers.DefaultBotSession$ReaderThread.getUpdatesFromServer(DefaultBotSession.java:258)
	at org.telegram.telegrambots.updatesreceivers.DefaultBotSession$ReaderThread.run(DefaultBotSession.java:188)
2026-05-11 17:56:56.002 ERROR [BestMovie4you_bot Telegram Connection] o.t.t.u.DefaultBotSession - Error executing org.telegram.telegrambots.meta.api.methods.updates.GetUpdates query: [409] Conflict: terminated by other getUpdates request; make sure that only one bot instance is running
Error executing org.telegram.telegrambots.meta.api.methods.updates.GetUpdates query: [409] Conflict: terminated by other getUpdates request; make sure that only one bot instance is running
	at org.telegram.telegrambots.meta.api.methods.PartialBotApiMethod.deserializeResponseInternal(PartialBotApiMethod.java:54)
	at org.telegram.telegrambots.meta.api.methods.PartialBotApiMethod.deserializeResponseArray(PartialBotApiMethod.java:39)
	at org.telegram.telegrambots.meta.api.methods.updates.GetUpdates.deserializeResponse(GetUpdates.java:86)
	at org.telegram.telegrambots.updatesreceivers.DefaultBotSession$ReaderThread.getUpdatesFromServer(DefaultBotSession.java:258)
	at org.telegram.telegrambots.updatesreceivers.DefaultBotSession$ReaderThread.run(DefaultBotSession.java:188)
2026-05-11 17:56:59.560 ERROR [BestMovie4you_bot Telegram Connection] o.t.t.u.DefaultBotSession - Error executing org.telegram.telegrambots.meta.api.methods.updates.GetUpdates query: [409] Conflict: terminated by other getUpdates request; make sure that only one bot instance is running
Error executing org.telegram.telegrambots.meta.api.methods.updates.GetUpdates query: [409] Conflict: terminated by other getUpdates request; make sure that only one bot instance is running
	at org.telegram.telegrambots.meta.api.methods.PartialBotApiMethod.deserializeResponseInternal(PartialBotApiMethod.java:54)
	at org.telegram.telegrambots.meta.api.methods.PartialBotApiMethod.deserializeResponseArray(PartialBotApiMethod.java:39)
	at org.telegram.telegrambots.meta.api.methods.updates.GetUpdates.deserializeResponse(GetUpdates.java:86)
	at org.telegram.telegrambots.updatesreceivers.DefaultBotSession$ReaderThread.getUpdatesFromServer(DefaultBotSession.java:258)
	at org.telegram.telegrambots.updatesreceivers.DefaultBotSession$ReaderThread.run(DefaultBotSession.java:188)
2026-05-11 17:57:00.145 ERROR [BestMovie4you_bot Telegram Connection] o.t.t.u.DefaultBotSession - Error executing org.telegram.telegrambots.meta.api.methods.updates.GetUpdates query: [409] Conflict: terminated by other getUpdates request; make sure that only one bot instance is running
Error executing org.telegram.telegrambots.meta.api.methods.updates.GetUpdates query: [409] Conflict: terminated by other getUpdates request; make sure that only one bot instance is running
	at org.telegram.telegrambots.meta.api.methods.PartialBotApiMethod.deserializeResponseInternal(PartialBotApiMethod.java:54)
	at org.telegram.telegrambots.meta.api.methods.PartialBotApiMethod.deserializeResponseArray(PartialBotApiMethod.java:39)
	at org.telegram.telegrambots.meta.api.methods.updates.GetUpdates.deserializeResponse(GetUpdates.java:86)
	at org.telegram.telegrambots.updatesreceivers.DefaultBotSession$ReaderThread.getUpdatesFromServer(DefaultBotSession.java:258)
	at org.telegram.telegrambots.updatesreceivers.DefaultBotSession$ReaderThread.run(DefaultBotSession.java:188)
2026-05-11 17:57:03.257 DEBUG [BestMovie4you_bot Telegram Executor] o.s.o.j.SharedEntityManagerCreator$SharedEntityManagerInvocationHandler - Creating new EntityManager for shared EntityManager invocation
2026-05-11 17:57:03.344 INFO  [BestMovie4you_bot Telegram Executor] c.e.moviebot.service.FilmsService - User already exists: Iljuha1234
2026-05-11 17:57:03.707 ERROR [BestMovie4you_bot Telegram Connection] o.t.t.u.DefaultBotSession - Error executing org.telegram.telegrambots.meta.api.methods.updates.GetUpdates query: [409] Conflict: terminated by other getUpdates request; make sure that only one bot instance is running
Error executing org.telegram.telegrambots.meta.api.methods.updates.GetUpdates query: [409] Conflict: terminated by other getUpdates request; make sure that only one bot instance is running
	at org.telegram.telegrambots.meta.api.methods.PartialBotApiMethod.deserializeResponseInternal(PartialBotApiMethod.java:54)
	at org.telegram.telegrambots.meta.api.methods.PartialBotApiMethod.deserializeResponseArray(PartialBotApiMethod.java:39)
	at org.telegram.telegrambots.meta.api.methods.updates.GetUpdates.deserializeResponse(GetUpdates.java:86)
	at org.telegram.telegrambots.updatesreceivers.DefaultBotSession$ReaderThread.getUpdatesFromServer(DefaultBotSession.java:258)
	at org.telegram.telegrambots.updatesreceivers.DefaultBotSession$ReaderThread.run(DefaultBotSession.java:188)
2026-05-11 17:57:04.273 ERROR [BestMovie4you_bot Telegram Connection] o.t.t.u.DefaultBotSession - Error executing org.telegram.telegrambots.meta.api.methods.updates.GetUpdates query: [409] Conflict: terminated by other getUpdates request; make sure that only one bot instance is running
Error executing org.telegram.telegrambots.meta.api.methods.updates.GetUpdates query: [409] Conflict: terminated by other getUpdates request; make sure that only one bot instance is running
	at org.telegram.telegrambots.meta.api.methods.PartialBotApiMethod.deserializeResponseInternal(PartialBotApiMethod.java:54)
	at org.telegram.telegrambots.meta.api.methods.PartialBotApiMethod.deserializeResponseArray(PartialBotApiMethod.java:39)
	at org.telegram.telegrambots.meta.api.methods.updates.GetUpdates.deserializeResponse(GetUpdates.java:86)
	at org.telegram.telegrambots.updatesreceivers.DefaultBotSession$ReaderThread.getUpdatesFromServer(DefaultBotSession.java:258)
	at org.telegram.telegrambots.updatesreceivers.DefaultBotSession$ReaderThread.run(DefaultBotSession.java:188)
2026-05-11 17:57:07.858 ERROR [BestMovie4you_bot Telegram Connection] o.t.t.u.DefaultBotSession - Error executing org.telegram.telegrambots.meta.api.methods.updates.GetUpdates query: [409] Conflict: terminated by other getUpdates request; make sure that only one bot instance is running
Error executing org.telegram.telegrambots.meta.api.methods.updates.GetUpdates query: [409] Conflict: terminated by other getUpdates request; make sure that only one bot instance is running
	at org.telegram.telegrambots.meta.api.methods.PartialBotApiMethod.deserializeResponseInternal(PartialBotApiMethod.java:54)
	at org.telegram.telegrambots.meta.api.methods.PartialBotApiMethod.deserializeResponseArray(PartialBotApiMethod.java:39)
	at org.telegram.telegrambots.meta.api.methods.updates.GetUpdates.deserializeResponse(GetUpdates.java:86)
	at org.telegram.telegrambots.updatesreceivers.DefaultBotSession$ReaderThread.getUpdatesFromServer(DefaultBotSession.java:258)
	at org.telegram.telegrambots.updatesreceivers.DefaultBotSession$ReaderThread.run(DefaultBotSession.java:188)
2026-05-11 17:57:08.424 ERROR [BestMovie4you_bot Telegram Connection] o.t.t.u.DefaultBotSession - Error executing org.telegram.telegrambots.meta.api.methods.updates.GetUpdates query: [409] Conflict: terminated by other getUpdates request; make sure that only one bot instance is running
Error executing org.telegram.telegrambots.meta.api.methods.updates.GetUpdates query: [409] Conflict: terminated by other getUpdates request; make sure that only one bot instance is running
	at org.telegram.telegrambots.meta.api.methods.PartialBotApiMethod.deserializeResponseInternal(PartialBotApiMethod.java:54)
	at org.telegram.telegrambots.meta.api.methods.PartialBotApiMethod.deserializeResponseArray(PartialBotApiMethod.java:39)
	at org.telegram.telegrambots.meta.api.methods.updates.GetUpdates.deserializeResponse(GetUpdates.java:86)
	at org.telegram.telegrambots.updatesreceivers.DefaultBotSession$ReaderThread.getUpdatesFromServer(DefaultBotSession.java:258)
	at org.telegram.telegrambots.updatesreceivers.DefaultBotSession$ReaderThread.run(DefaultBotSession.java:188)
2026-05-11 17:57:11.979 ERROR [BestMovie4you_bot Telegram Connection] o.t.t.u.DefaultBotSession - Error executing org.telegram.telegrambots.meta.api.methods.updates.GetUpdates query: [409] Conflict: terminated by other getUpdates request; make sure that only one bot instance is running
Error executing org.telegram.telegrambots.meta.api.methods.updates.GetUpdates query: [409] Conflict: terminated by other getUpdates request; make sure that only one bot instance is running
	at org.telegram.telegrambots.meta.api.methods.PartialBotApiMethod.deserializeResponseInternal(PartialBotApiMethod.java:54)
	at org.telegram.telegrambots.meta.api.methods.PartialBotApiMethod.deserializeResponseArray(PartialBotApiMethod.java:39)
	at org.telegram.telegrambots.meta.api.methods.updates.GetUpdates.deserializeResponse(GetUpdates.java:86)
	at org.telegram.telegrambots.updatesreceivers.DefaultBotSession$ReaderThread.getUpdatesFromServer(DefaultBotSession.java:258)
	at org.telegram.telegrambots.updatesreceivers.DefaultBotSession$ReaderThread.run(DefaultBotSession.java:188)
2026-05-11 17:57:12.528 ERROR [BestMovie4you_bot Telegram Connection] o.t.t.u.DefaultBotSession - Error executing org.telegram.telegrambots.meta.api.methods.updates.GetUpdates query: [409] Conflict: terminated by other getUpdates request; make sure that only one bot instance is running
Error executing org.telegram.telegrambots.meta.api.methods.updates.GetUpdates query: [409] Conflict: terminated by other getUpdates request; make sure that only one bot instance is running
	at org.telegram.telegrambots.meta.api.methods.PartialBotApiMethod.deserializeResponseInternal(PartialBotApiMethod.java:54)
	at org.telegram.telegrambots.meta.api.methods.PartialBotApiMethod.deserializeResponseArray(PartialBotApiMethod.java:39)
	at org.telegram.telegrambots.meta.api.methods.updates.GetUpdates.deserializeResponse(GetUpdates.java:86)
	at org.telegram.telegrambots.updatesreceivers.DefaultBotSession$ReaderThread.getUpdatesFromServer(DefaultBotSession.java:258)
	at org.telegram.telegrambots.updatesreceivers.DefaultBotSession$ReaderThread.run(DefaultBotSession.java:188)
2026-05-11 17:57:16.081 ERROR [BestMovie4you_bot Telegram Connection] o.t.t.u.DefaultBotSession - Error executing org.telegram.telegrambots.meta.api.methods.updates.GetUpdates query: [409] Conflict: terminated by other getUpdates request; make sure that only one bot instance is running
Error executing org.telegram.telegrambots.meta.api.methods.updates.GetUpdates query: [409] Conflict: terminated by other getUpdates request; make sure that only one bot instance is running
	at org.telegram.telegrambots.meta.api.methods.PartialBotApiMethod.deserializeResponseInternal(PartialBotApiMethod.java:54)
	at org.telegram.telegrambots.meta.api.methods.PartialBotApiMethod.deserializeResponseArray(PartialBotApiMethod.java:39)
	at org.telegram.telegrambots.meta.api.methods.updates.GetUpdates.deserializeResponse(GetUpdates.java:86)
	at org.telegram.telegrambots.updatesreceivers.DefaultBotSession$ReaderThread.getUpdatesFromServer(DefaultBotSession.java:258)
	at org.telegram.telegrambots.updatesreceivers.DefaultBotSession$ReaderThread.run(DefaultBotSession.java:188)
2026-05-11 17:57:16.936 ERROR [BestMovie4you_bot Telegram Connection] o.t.t.u.DefaultBotSession - Error executing org.telegram.telegrambots.meta.api.methods.updates.GetUpdates query: [409] Conflict: terminated by other getUpdates request; make sure that only one bot instance is running
Error executing org.telegram.telegrambots.meta.api.methods.updates.GetUpdates query: [409] Conflict: terminated by other getUpdates request; make sure that only one bot instance is running
	at org.telegram.telegrambots.meta.api.methods.PartialBotApiMethod.deserializeResponseInternal(PartialBotApiMethod.java:54)
	at org.telegram.telegrambots.meta.api.methods.PartialBotApiMethod.deserializeResponseArray(PartialBotApiMethod.java:39)
	at org.telegram.telegrambots.meta.api.methods.updates.GetUpdates.deserializeResponse(GetUpdates.java:86)
	at org.telegram.telegrambots.updatesreceivers.DefaultBotSession$ReaderThread.getUpdatesFromServer(DefaultBotSession.java:258)
	at org.telegram.telegrambots.updatesreceivers.DefaultBotSession$ReaderThread.run(DefaultBotSession.java:188)
2026-05-11 17:57:20.500 ERROR [BestMovie4you_bot Telegram Connection] o.t.t.u.DefaultBotSession - Error executing org.telegram.telegrambots.meta.api.methods.updates.GetUpdates query: [409] Conflict: terminated by other getUpdates request; make sure that only one bot instance is running
Error executing org.telegram.telegrambots.meta.api.methods.updates.GetUpdates query: [409] Conflict: terminated by other getUpdates request; make sure that only one bot instance is running
	at org.telegram.telegrambots.meta.api.methods.PartialBotApiMethod.deserializeResponseInternal(PartialBotApiMethod.java:54)
	at org.telegram.telegrambots.meta.api.methods.PartialBotApiMethod.deserializeResponseArray(PartialBotApiMethod.java:39)
	at org.telegram.telegrambots.meta.api.methods.updates.GetUpdates.deserializeResponse(GetUpdates.java:86)
	at org.telegram.telegrambots.updatesreceivers.DefaultBotSession$ReaderThread.getUpdatesFromServer(DefaultBotSession.java:258)
	at org.telegram.telegrambots.updatesreceivers.DefaultBotSession$ReaderThread.run(DefaultBotSession.java:188)
2026-05-11 17:57:21.094 ERROR [BestMovie4you_bot Telegram Connection] o.t.t.u.DefaultBotSession - Error executing org.telegram.telegrambots.meta.api.methods.updates.GetUpdates query: [409] Conflict: terminated by other getUpdates request; make sure that only one bot instance is running
Error executing org.telegram.telegrambots.meta.api.methods.updates.GetUpdates query: [409] Conflict: terminated by other getUpdates request; make sure that only one bot instance is running
	at org.telegram.telegrambots.meta.api.methods.PartialBotApiMethod.deserializeResponseInternal(PartialBotApiMethod.java:54)
	at org.telegram.telegrambots.meta.api.methods.PartialBotApiMethod.deserializeResponseArray(PartialBotApiMethod.java:39)
	at org.telegram.telegrambots.meta.api.methods.updates.GetUpdates.deserializeResponse(GetUpdates.java:86)
	at org.telegram.telegrambots.updatesreceivers.DefaultBotSession$ReaderThread.getUpdatesFromServer(DefaultBotSession.java:258)
	at org.telegram.telegrambots.updatesreceivers.DefaultBotSession$ReaderThread.run(DefaultBotSession.java:188)
2026-05-11 17:57:24.669 ERROR [BestMovie4you_bot Telegram Connection] o.t.t.u.DefaultBotSession - Error executing org.telegram.telegrambots.meta.api.methods.updates.GetUpdates query: [409] Conflict: terminated by other getUpdates request; make sure that only one bot instance is running
Error executing org.telegram.telegrambots.meta.api.methods.updates.GetUpdates query: [409] Conflict: terminated by other getUpdates request; make sure that only one bot instance is running
	at org.telegram.telegrambots.meta.api.methods.PartialBotApiMethod.deserializeResponseInternal(PartialBotApiMethod.java:54)
	at org.telegram.telegrambots.meta.api.methods.PartialBotApiMethod.deserializeResponseArray(PartialBotApiMethod.java:39)
	at org.telegram.telegrambots.meta.api.methods.updates.GetUpdates.deserializeResponse(GetUpdates.java:86)
	at org.telegram.telegrambots.updatesreceivers.DefaultBotSession$ReaderThread.getUpdatesFromServer(DefaultBotSession.java:258)
	at org.telegram.telegrambots.updatesreceivers.DefaultBotSession$ReaderThread.run(DefaultBotSession.java:188)
2026-05-11 17:57:25.228 ERROR [BestMovie4you_bot Telegram Connection] o.t.t.u.DefaultBotSession - Error executing org.telegram.telegrambots.meta.api.methods.updates.GetUpdates query: [409] Conflict: terminated by other getUpdates request; make sure that only one bot instance is running
Error executing org.telegram.telegrambots.meta.api.methods.updates.GetUpdates query: [409] Conflict: terminated by other getUpdates request; make sure that only one bot instance is running
	at org.telegram.telegrambots.meta.api.methods.PartialBotApiMethod.deserializeResponseInternal(PartialBotApiMethod.java:54)
	at org.telegram.telegrambots.meta.api.methods.PartialBotApiMethod.deserializeResponseArray(PartialBotApiMethod.java:39)
	at org.telegram.telegrambots.meta.api.methods.updates.GetUpdates.deserializeResponse(GetUpdates.java:86)
	at org.telegram.telegrambots.updatesreceivers.DefaultBotSession$ReaderThread.getUpdatesFromServer(DefaultBotSession.java:258)
	at org.telegram.telegrambots.updatesreceivers.DefaultBotSession$ReaderThread.run(DefaultBotSession.java:188)
2026-05-11 17:57:28.844 ERROR [BestMovie4you_bot Telegram Connection] o.t.t.u.DefaultBotSession - Error executing org.telegram.telegrambots.meta.api.methods.updates.GetUpdates query: [409] Conflict: terminated by other getUpdates request; make sure that only one bot instance is running
Error executing org.telegram.telegrambots.meta.api.methods.updates.GetUpdates query: [409] Conflict: terminated by other getUpdates request; make sure that only one bot instance is running
	at org.telegram.telegrambots.meta.api.methods.PartialBotApiMethod.deserializeResponseInternal(PartialBotApiMethod.java:54)
	at org.telegram.telegrambots.meta.api.methods.PartialBotApiMethod.deserializeResponseArray(PartialBotApiMethod.java:39)
	at org.telegram.telegrambots.meta.api.methods.updates.GetUpdates.deserializeResponse(GetUpdates.java:86)
	at org.telegram.telegrambots.updatesreceivers.DefaultBotSession$ReaderThread.getUpdatesFromServer(DefaultBotSession.java:258)
	at org.telegram.telegrambots.updatesreceivers.DefaultBotSession$ReaderThread.run(DefaultBotSession.java:188)
2026-05-11 17:57:29.423 ERROR [BestMovie4you_bot Telegram Connection] o.t.t.u.DefaultBotSession - Error executing org.telegram.telegrambots.meta.api.methods.updates.GetUpdates query: [409] Conflict: terminated by other getUpdates request; make sure that only one bot instance is running
Error executing org.telegram.telegrambots.meta.api.methods.updates.GetUpdates query: [409] Conflict: terminated by other getUpdates request; make sure that only one bot instance is running
	at org.telegram.telegrambots.meta.api.methods.PartialBotApiMethod.deserializeResponseInternal(PartialBotApiMethod.java:54)
	at org.telegram.telegrambots.meta.api.methods.PartialBotApiMethod.deserializeResponseArray(PartialBotApiMethod.java:39)
	at org.telegram.telegrambots.meta.api.methods.updates.GetUpdates.deserializeResponse(GetUpdates.java:86)
	at org.telegram.telegrambots.updatesreceivers.DefaultBotSession$ReaderThread.getUpdatesFromServer(DefaultBotSession.java:258)
	at org.telegram.telegrambots.updatesreceivers.DefaultBotSession$ReaderThread.run(DefaultBotSession.java:188)
2026-05-11 17:57:33.015 ERROR [BestMovie4you_bot Telegram Connection] o.t.t.u.DefaultBotSession - Error executing org.telegram.telegrambots.meta.api.methods.updates.GetUpdates query: [409] Conflict: terminated by other getUpdates request; make sure that only one bot instance is running
Error executing org.telegram.telegrambots.meta.api.methods.updates.GetUpdates query: [409] Conflict: terminated by other getUpdates request; make sure that only one bot instance is running
	at org.telegram.telegrambots.meta.api.methods.PartialBotApiMethod.deserializeResponseInternal(PartialBotApiMethod.java:54)
	at org.telegram.telegrambots.meta.api.methods.PartialBotApiMethod.deserializeResponseArray(PartialBotApiMethod.java:39)
	at org.telegram.telegrambots.meta.api.methods.updates.GetUpdates.deserializeResponse(GetUpdates.java:86)
	at org.telegram.telegrambots.updatesreceivers.DefaultBotSession$ReaderThread.getUpdatesFromServer(DefaultBotSession.java:258)
	at org.telegram.telegrambots.updatesreceivers.DefaultBotSession$ReaderThread.run(DefaultBotSession.java:188)
2026-05-11 17:57:33.571 ERROR [BestMovie4you_bot Telegram Connection] o.t.t.u.DefaultBotSession - Error executing org.telegram.telegrambots.meta.api.methods.updates.GetUpdates query: [409] Conflict: terminated by other getUpdates request; make sure that only one bot instance is running
Error executing org.telegram.telegrambots.meta.api.methods.updates.GetUpdates query: [409] Conflict: terminated by other getUpdates request; make sure that only one bot instance is running
	at org.telegram.telegrambots.meta.api.methods.PartialBotApiMethod.deserializeResponseInternal(PartialBotApiMethod.java:54)
	at org.telegram.telegrambots.meta.api.methods.PartialBotApiMethod.deserializeResponseArray(PartialBotApiMethod.java:39)
	at org.telegram.telegrambots.meta.api.methods.updates.GetUpdates.deserializeResponse(GetUpdates.java:86)
	at org.telegram.telegrambots.updatesreceivers.DefaultBotSession$ReaderThread.getUpdatesFromServer(DefaultBotSession.java:258)
	at org.telegram.telegrambots.updatesreceivers.DefaultBotSession$ReaderThread.run(DefaultBotSession.java:188)
2026-05-11 17:57:37.141 ERROR [BestMovie4you_bot Telegram Connection] o.t.t.u.DefaultBotSession - Error executing org.telegram.telegrambots.meta.api.methods.updates.GetUpdates query: [409] Conflict: terminated by other getUpdates request; make sure that only one bot instance is running
Error executing org.telegram.telegrambots.meta.api.methods.updates.GetUpdates query: [409] Conflict: terminated by other getUpdates request; make sure that only one bot instance is running
	at org.telegram.telegrambots.meta.api.methods.PartialBotApiMethod.deserializeResponseInternal(PartialBotApiMethod.java:54)
	at org.telegram.telegrambots.meta.api.methods.PartialBotApiMethod.deserializeResponseArray(PartialBotApiMethod.java:39)
	at org.telegram.telegrambots.meta.api.methods.updates.GetUpdates.deserializeResponse(GetUpdates.java:86)
	at org.telegram.telegrambots.updatesreceivers.DefaultBotSession$ReaderThread.getUpdatesFromServer(DefaultBotSession.java:258)
	at org.telegram.telegrambots.updatesreceivers.DefaultBotSession$ReaderThread.run(DefaultBotSession.java:188)
2026-05-11 17:57:37.710 ERROR [BestMovie4you_bot Telegram Connection] o.t.t.u.DefaultBotSession - Error executing org.telegram.telegrambots.meta.api.methods.updates.GetUpdates query: [409] Conflict: terminated by other getUpdates request; make sure that only one bot instance is running
Error executing org.telegram.telegrambots.meta.api.methods.updates.GetUpdates query: [409] Conflict: terminated by other getUpdates request; make sure that only one bot instance is running
	at org.telegram.telegrambots.meta.api.methods.PartialBotApiMethod.deserializeResponseInternal(PartialBotApiMethod.java:54)
	at org.telegram.telegrambots.meta.api.methods.PartialBotApiMethod.deserializeResponseArray(PartialBotApiMethod.java:39)
	at org.telegram.telegrambots.meta.api.methods.updates.GetUpdates.deserializeResponse(GetUpdates.java:86)
	at org.telegram.telegrambots.updatesreceivers.DefaultBotSession$ReaderThread.getUpdatesFromServer(DefaultBotSession.java:258)
	at org.telegram.telegrambots.updatesreceivers.DefaultBotSession$ReaderThread.run(DefaultBotSession.java:188)
2026-05-11 17:57:40.410 DEBUG [BestMovie4you_bot Telegram Executor] o.s.o.j.SharedEntityManagerCreator$SharedEntityManagerInvocationHandler - Creating new EntityManager for shared EntityManager invocation
2026-05-11 17:57:41.272 ERROR [BestMovie4you_bot Telegram Connection] o.t.t.u.DefaultBotSession - Error executing org.telegram.telegrambots.meta.api.methods.updates.GetUpdates query: [409] Conflict: terminated by other getUpdates request; make sure that only one bot instance is running
Error executing org.telegram.telegrambots.meta.api.methods.updates.GetUpdates query: [409] Conflict: terminated by other getUpdates request; make sure that only one bot instance is running
	at org.telegram.telegrambots.meta.api.methods.PartialBotApiMethod.deserializeResponseInternal(PartialBotApiMethod.java:54)
	at org.telegram.telegrambots.meta.api.methods.PartialBotApiMethod.deserializeResponseArray(PartialBotApiMethod.java:39)
	at org.telegram.telegrambots.meta.api.methods.updates.GetUpdates.deserializeResponse(GetUpdates.java:86)
	at org.telegram.telegrambots.updatesreceivers.DefaultBotSession$ReaderThread.getUpdatesFromServer(DefaultBotSession.java:258)
	at org.telegram.telegrambots.updatesreceivers.DefaultBotSession$ReaderThread.run(DefaultBotSession.java:188)
2026-05-11 17:57:41.842 ERROR [BestMovie4you_bot Telegram Connection] o.t.t.u.DefaultBotSession - Error executing org.telegram.telegrambots.meta.api.methods.updates.GetUpdates query: [409] Conflict: terminated by other getUpdates request; make sure that only one bot instance is running
Error executing org.telegram.telegrambots.meta.api.methods.updates.GetUpdates query: [409] Conflict: terminated by other getUpdates request; make sure that only one bot instance is running
	at org.telegram.telegrambots.meta.api.methods.PartialBotApiMethod.deserializeResponseInternal(PartialBotApiMethod.java:54)
	at org.telegram.telegrambots.meta.api.methods.PartialBotApiMethod.deserializeResponseArray(PartialBotApiMethod.java:39)
	at org.telegram.telegrambots.meta.api.methods.updates.GetUpdates.deserializeResponse(GetUpdates.java:86)
	at org.telegram.telegrambots.updatesreceivers.DefaultBotSession$ReaderThread.getUpdatesFromServer(DefaultBotSession.java:258)
	at org.telegram.telegrambots.updatesreceivers.DefaultBotSession$ReaderThread.run(DefaultBotSession.java:188)
2026-05-11 17:57:45.401 ERROR [BestMovie4you_bot Telegram Connection] o.t.t.u.DefaultBotSession - Error executing org.telegram.telegrambots.meta.api.methods.updates.GetUpdates query: [409] Conflict: terminated by other getUpdates request; make sure that only one bot instance is running
Error executing org.telegram.telegrambots.meta.api.methods.updates.GetUpdates query: [409] Conflict: terminated by other getUpdates request; make sure that only one bot instance is running
	at org.telegram.telegrambots.meta.api.methods.PartialBotApiMethod.deserializeResponseInternal(PartialBotApiMethod.java:54)
	at org.telegram.telegrambots.meta.api.methods.PartialBotApiMethod.deserializeResponseArray(PartialBotApiMethod.java:39)
	at org.telegram.telegrambots.meta.api.methods.updates.GetUpdates.deserializeResponse(GetUpdates.java:86)
	at org.telegram.telegrambots.updatesreceivers.DefaultBotSession$ReaderThread.getUpdatesFromServer(DefaultBotSession.java:258)
	at org.telegram.telegrambots.updatesreceivers.DefaultBotSession$ReaderThread.run(DefaultBotSession.java:188)
2026-05-11 17:57:45.965 ERROR [BestMovie4you_bot Telegram Connection] o.t.t.u.DefaultBotSession - Error executing org.telegram.telegrambots.meta.api.methods.updates.GetUpdates query: [409] Conflict: terminated by other getUpdates request; make sure that only one bot instance is running
Error executing org.telegram.telegrambots.meta.api.methods.updates.GetUpdates query: [409] Conflict: terminated by other getUpdates request; make sure that only one bot instance is running
	at org.telegram.telegrambots.meta.api.methods.PartialBotApiMethod.deserializeResponseInternal(PartialBotApiMethod.java:54)
	at org.telegram.telegrambots.meta.api.methods.PartialBotApiMethod.deserializeResponseArray(PartialBotApiMethod.java:39)
	at org.telegram.telegrambots.meta.api.methods.updates.GetUpdates.deserializeResponse(GetUpdates.java:86)
	at org.telegram.telegrambots.updatesreceivers.DefaultBotSession$ReaderThread.getUpdatesFromServer(DefaultBotSession.java:258)
	at org.telegram.telegrambots.updatesreceivers.DefaultBotSession$ReaderThread.run(DefaultBotSession.java:188)
2026-05-11 17:57:49.384 DEBUG [BestMovie4you_bot Telegram Executor] o.s.o.j.SharedEntityManagerCreator$SharedEntityManagerInvocationHandler - Creating new EntityManager for shared EntityManager invocation
2026-05-11 17:57:49.396 DEBUG [BestMovie4you_bot Telegram Executor] o.s.o.j.SharedEntityManagerCreator$SharedEntityManagerInvocationHandler - Creating new EntityManager for shared EntityManager invocation
2026-05-11 17:57:49.399 DEBUG [BestMovie4you_bot Telegram Executor] o.s.o.j.SharedEntityManagerCreator$SharedEntityManagerInvocationHandler - Creating new EntityManager for shared EntityManager invocation
2026-05-11 17:57:49.402 DEBUG [BestMovie4you_bot Telegram Executor] o.s.o.j.SharedEntityManagerCreator$SharedEntityManagerInvocationHandler - Creating new EntityManager for shared EntityManager invocation
2026-05-11 17:57:49.403 DEBUG [BestMovie4you_bot Telegram Executor] o.s.o.j.SharedEntityManagerCreator$SharedEntityManagerInvocationHandler - Creating new EntityManager for shared EntityManager invocation
2026-05-11 17:57:49.405 DEBUG [BestMovie4you_bot Telegram Executor] o.s.o.j.SharedEntityManagerCreator$SharedEntityManagerInvocationHandler - Creating new EntityManager for shared EntityManager invocation
2026-05-11 17:57:49.407 DEBUG [BestMovie4you_bot Telegram Executor] o.s.o.j.SharedEntityManagerCreator$SharedEntityManagerInvocationHandler - Creating new EntityManager for shared EntityManager invocation
2026-05-11 17:57:49.409 DEBUG [BestMovie4you_bot Telegram Executor] o.s.o.j.SharedEntityManagerCreator$SharedEntityManagerInvocationHandler - Creating new EntityManager for shared EntityManager invocation
2026-05-11 17:57:49.410 DEBUG [BestMovie4you_bot Telegram Executor] o.s.o.j.SharedEntityManagerCreator$SharedEntityManagerInvocationHandler - Creating new EntityManager for shared EntityManager invocation
2026-05-11 17:57:49.410 DEBUG [BestMovie4you_bot Telegram Executor] o.s.o.j.SharedEntityManagerCreator$SharedEntityManagerInvocationHandler - Creating new EntityManager for shared EntityManager invocation
2026-05-11 17:57:49.411 DEBUG [BestMovie4you_bot Telegram Executor] o.s.o.j.SharedEntityManagerCreator$SharedEntityManagerInvocationHandler - Creating new EntityManager for shared EntityManager invocation
2026-05-11 17:57:49.412 DEBUG [BestMovie4you_bot Telegram Executor] o.s.o.j.SharedEntityManagerCreator$SharedEntityManagerInvocationHandler - Creating new EntityManager for shared EntityManager invocation
2026-05-11 17:57:49.412 DEBUG [BestMovie4you_bot Telegram Executor] o.s.o.j.SharedEntityManagerCreator$SharedEntityManagerInvocationHandler - Creating new EntityManager for shared EntityManager invocation
2026-05-11 17:57:49.413 DEBUG [BestMovie4you_bot Telegram Executor] o.s.o.j.SharedEntityManagerCreator$SharedEntityManagerInvocationHandler - Creating new EntityManager for shared EntityManager invocation
2026-05-11 17:57:49.413 DEBUG [BestMovie4you_bot Telegram Executor] o.s.o.j.SharedEntityManagerCreator$SharedEntityManagerInvocationHandler - Creating new EntityManager for shared EntityManager invocation
2026-05-11 17:57:49.414 DEBUG [BestMovie4you_bot Telegram Executor] o.s.o.j.SharedEntityManagerCreator$SharedEntityManagerInvocationHandler - Creating new EntityManager for shared EntityManager invocation
2026-05-11 17:57:49.415 DEBUG [BestMovie4you_bot Telegram Executor] o.s.o.j.SharedEntityManagerCreator$SharedEntityManagerInvocationHandler - Creating new EntityManager for shared EntityManager invocation
2026-05-11 17:57:49.415 DEBUG [BestMovie4you_bot Telegram Executor] o.s.o.j.SharedEntityManagerCreator$SharedEntityManagerInvocationHandler - Creating new EntityManager for shared EntityManager invocation
2026-05-11 17:57:49.416 DEBUG [BestMovie4you_bot Telegram Executor] o.s.o.j.SharedEntityManagerCreator$SharedEntityManagerInvocationHandler - Creating new EntityManager for shared EntityManager invocation
2026-05-11 17:57:49.417 DEBUG [BestMovie4you_bot Telegram Executor] o.s.o.j.SharedEntityManagerCreator$SharedEntityManagerInvocationHandler - Creating new EntityManager for shared EntityManager invocation
2026-05-11 17:57:49.418 DEBUG [BestMovie4you_bot Telegram Executor] o.s.o.j.SharedEntityManagerCreator$SharedEntityManagerInvocationHandler - Creating new EntityManager for shared EntityManager invocation
2026-05-11 17:57:49.418 DEBUG [BestMovie4you_bot Telegram Executor] o.s.o.j.SharedEntityManagerCreator$SharedEntityManagerInvocationHandler - Creating new EntityManager for shared EntityManager invocation
2026-05-11 17:57:49.419 DEBUG [BestMovie4you_bot Telegram Executor] o.s.o.j.SharedEntityManagerCreator$SharedEntityManagerInvocationHandler - Creating new EntityManager for shared EntityManager invocation
2026-05-11 17:57:49.419 DEBUG [BestMovie4you_bot Telegram Executor] o.s.o.j.SharedEntityManagerCreator$SharedEntityManagerInvocationHandler - Creating new EntityManager for shared EntityManager invocation
2026-05-11 17:57:49.420 DEBUG [BestMovie4you_bot Telegram Executor] o.s.o.j.SharedEntityManagerCreator$SharedEntityManagerInvocationHandler - Creating new EntityManager for shared EntityManager invocation
2026-05-11 17:57:49.420 DEBUG [BestMovie4you_bot Telegram Executor] o.s.o.j.SharedEntityManagerCreator$SharedEntityManagerInvocationHandler - Creating new EntityManager for shared EntityManager invocation
2026-05-11 17:57:49.422 DEBUG [BestMovie4you_bot Telegram Executor] o.s.o.j.SharedEntityManagerCreator$SharedEntityManagerInvocationHandler - Creating new EntityManager for shared EntityManager invocation
2026-05-11 17:57:49.423 DEBUG [BestMovie4you_bot Telegram Executor] o.s.o.j.SharedEntityManagerCreator$SharedEntityManagerInvocationHandler - Creating new EntityManager for shared EntityManager invocation
2026-05-11 17:57:49.424 DEBUG [BestMovie4you_bot Telegram Executor] o.s.o.j.SharedEntityManagerCreator$SharedEntityManagerInvocationHandler - Creating new EntityManager for shared EntityManager invocation
2026-05-11 17:57:49.425 DEBUG [BestMovie4you_bot Telegram Executor] o.s.o.j.SharedEntityManagerCreator$SharedEntityManagerInvocationHandler - Creating new EntityManager for shared EntityManager invocation
2026-05-11 17:57:49.425 DEBUG [BestMovie4you_bot Telegram Executor] o.s.o.j.SharedEntityManagerCreator$SharedEntityManagerInvocationHandler - Creating new EntityManager for shared EntityManager invocation
2026-05-11 17:57:49.426 DEBUG [BestMovie4you_bot Telegram Executor] o.s.o.j.SharedEntityManagerCreator$SharedEntityManagerInvocationHandler - Creating new EntityManager for shared EntityManager invocation
2026-05-11 17:57:49.426 DEBUG [BestMovie4you_bot Telegram Executor] o.s.o.j.SharedEntityManagerCreator$SharedEntityManagerInvocationHandler - Creating new EntityManager for shared EntityManager invocation
2026-05-11 17:57:49.427 DEBUG [BestMovie4you_bot Telegram Executor] o.s.o.j.SharedEntityManagerCreator$SharedEntityManagerInvocationHandler - Creating new EntityManager for shared EntityManager invocation
2026-05-11 17:57:49.427 DEBUG [BestMovie4you_bot Telegram Executor] o.s.o.j.SharedEntityManagerCreator$SharedEntityManagerInvocationHandler - Creating new EntityManager for shared EntityManager invocation
2026-05-11 17:57:49.428 DEBUG [BestMovie4you_bot Telegram Executor] o.s.o.j.SharedEntityManagerCreator$SharedEntityManagerInvocationHandler - Creating new EntityManager for shared EntityManager invocation
2026-05-11 17:57:49.429 DEBUG [BestMovie4you_bot Telegram Executor] o.s.o.j.SharedEntityManagerCreator$SharedEntityManagerInvocationHandler - Creating new EntityManager for shared EntityManager invocation
2026-05-11 17:57:49.523 ERROR [BestMovie4you_bot Telegram Connection] o.t.t.u.DefaultBotSession - Error executing org.telegram.telegrambots.meta.api.methods.updates.GetUpdates query: [409] Conflict: terminated by other getUpdates request; make sure that only one bot instance is running
Error executing org.telegram.telegrambots.meta.api.methods.updates.GetUpdates query: [409] Conflict: terminated by other getUpdates request; make sure that only one bot instance is running
	at org.telegram.telegrambots.meta.api.methods.PartialBotApiMethod.deserializeResponseInternal(PartialBotApiMethod.java:54)
	at org.telegram.telegrambots.meta.api.methods.PartialBotApiMethod.deserializeResponseArray(PartialBotApiMethod.java:39)
	at org.telegram.telegrambots.meta.api.methods.updates.GetUpdates.deserializeResponse(GetUpdates.java:86)
	at org.telegram.telegrambots.updatesreceivers.DefaultBotSession$ReaderThread.getUpdatesFromServer(DefaultBotSession.java:258)
	at org.telegram.telegrambots.updatesreceivers.DefaultBotSession$ReaderThread.run(DefaultBotSession.java:188)
2026-05-11 17:57:50.087 ERROR [BestMovie4you_bot Telegram Connection] o.t.t.u.DefaultBotSession - Error executing org.telegram.telegrambots.meta.api.methods.updates.GetUpdates query: [409] Conflict: terminated by other getUpdates request; make sure that only one bot instance is running
Error executing org.telegram.telegrambots.meta.api.methods.updates.GetUpdates query: [409] Conflict: terminated by other getUpdates request; make sure that only one bot instance is running
	at org.telegram.telegrambots.meta.api.methods.PartialBotApiMethod.deserializeResponseInternal(PartialBotApiMethod.java:54)
	at org.telegram.telegrambots.meta.api.methods.PartialBotApiMethod.deserializeResponseArray(PartialBotApiMethod.java:39)
	at org.telegram.telegrambots.meta.api.methods.updates.GetUpdates.deserializeResponse(GetUpdates.java:86)
	at org.telegram.telegrambots.updatesreceivers.DefaultBotSession$ReaderThread.getUpdatesFromServer(DefaultBotSession.java:258)
	at org.telegram.telegrambots.updatesreceivers.DefaultBotSession$ReaderThread.run(DefaultBotSession.java:188)
2026-05-11 17:57:50.179 DEBUG [BestMovie4you_bot Telegram Executor] o.s.o.j.SharedEntityManagerCreator$SharedEntityManagerInvocationHandler - Creating new EntityManager for shared EntityManager invocation
2026-05-11 17:57:52.489 DEBUG [BestMovie4you_bot Telegram Executor] o.s.o.j.SharedEntityManagerCreator$SharedEntityManagerInvocationHandler - Creating new EntityManager for shared EntityManager invocation
2026-05-11 17:57:52.490 DEBUG [BestMovie4you_bot Telegram Executor] o.s.o.j.SharedEntityManagerCreator$SharedEntityManagerInvocationHandler - Creating new EntityManager for shared EntityManager invocation
2026-05-11 17:57:52.490 DEBUG [BestMovie4you_bot Telegram Executor] o.s.o.j.SharedEntityManagerCreator$SharedEntityManagerInvocationHandler - Creating new EntityManager for shared EntityManager invocation
2026-05-11 17:57:52.491 DEBUG [BestMovie4you_bot Telegram Executor] o.s.o.j.SharedEntityManagerCreator$SharedEntityManagerInvocationHandler - Creating new EntityManager for shared EntityManager invocation
2026-05-11 17:57:52.492 DEBUG [BestMovie4you_bot Telegram Executor] o.s.o.j.SharedEntityManagerCreator$SharedEntityManagerInvocationHandler - Creating new EntityManager for shared EntityManager invocation
2026-05-11 17:57:52.493 DEBUG [BestMovie4you_bot Telegram Executor] o.s.o.j.SharedEntityManagerCreator$SharedEntityManagerInvocationHandler - Creating new EntityManager for shared EntityManager invocation
2026-05-11 17:57:52.494 DEBUG [BestMovie4you_bot Telegram Executor] o.s.o.j.SharedEntityManagerCreator$SharedEntityManagerInvocationHandler - Creating new EntityManager for shared EntityManager invocation
2026-05-11 17:57:52.495 DEBUG [BestMovie4you_bot Telegram Executor] o.s.o.j.SharedEntityManagerCreator$SharedEntityManagerInvocationHandler - Creating new EntityManager for shared EntityManager invocation
2026-05-11 17:57:52.496 DEBUG [BestMovie4you_bot Telegram Executor] o.s.o.j.SharedEntityManagerCreator$SharedEntityManagerInvocationHandler - Creating new EntityManager for shared EntityManager invocation
2026-05-11 17:57:52.496 DEBUG [BestMovie4you_bot Telegram Executor] o.s.o.j.SharedEntityManagerCreator$SharedEntityManagerInvocationHandler - Creating new EntityManager for shared EntityManager invocation
2026-05-11 17:57:52.497 DEBUG [BestMovie4you_bot Telegram Executor] o.s.o.j.SharedEntityManagerCreator$SharedEntityManagerInvocationHandler - Creating new EntityManager for shared EntityManager invocation
2026-05-11 17:57:52.497 DEBUG [BestMovie4you_bot Telegram Executor] o.s.o.j.SharedEntityManagerCreator$SharedEntityManagerInvocationHandler - Creating new EntityManager for shared EntityManager invocation
2026-05-11 17:57:52.498 DEBUG [BestMovie4you_bot Telegram Executor] o.s.o.j.SharedEntityManagerCreator$SharedEntityManagerInvocationHandler - Creating new EntityManager for shared EntityManager invocation
2026-05-11 17:57:52.498 DEBUG [BestMovie4you_bot Telegram Executor] o.s.o.j.SharedEntityManagerCreator$SharedEntityManagerInvocationHandler - Creating new EntityManager for shared EntityManager invocation
2026-05-11 17:57:52.499 DEBUG [BestMovie4you_bot Telegram Executor] o.s.o.j.SharedEntityManagerCreator$SharedEntityManagerInvocationHandler - Creating new EntityManager for shared EntityManager invocation
2026-05-11 17:57:52.499 DEBUG [BestMovie4you_bot Telegram Executor] o.s.o.j.SharedEntityManagerCreator$SharedEntityManagerInvocationHandler - Creating new EntityManager for shared EntityManager invocation
2026-05-11 17:57:52.500 DEBUG [BestMovie4you_bot Telegram Executor] o.s.o.j.SharedEntityManagerCreator$SharedEntityManagerInvocationHandler - Creating new EntityManager for shared EntityManager invocation
2026-05-11 17:57:52.500 DEBUG [BestMovie4you_bot Telegram Executor] o.s.o.j.SharedEntityManagerCreator$SharedEntityManagerInvocationHandler - Creating new EntityManager for shared EntityManager invocation
2026-05-11 17:57:52.500 DEBUG [BestMovie4you_bot Telegram Executor] o.s.o.j.SharedEntityManagerCreator$SharedEntityManagerInvocationHandler - Creating new EntityManager for shared EntityManager invocation
2026-05-11 17:57:52.500 DEBUG [BestMovie4you_bot Telegram Executor] o.s.o.j.SharedEntityManagerCreator$SharedEntityManagerInvocationHandler - Creating new EntityManager for shared EntityManager invocation
2026-05-11 17:57:52.503 DEBUG [BestMovie4you_bot Telegram Executor] o.s.o.j.SharedEntityManagerCreator$SharedEntityManagerInvocationHandler - Creating new EntityManager for shared EntityManager invocation
2026-05-11 17:57:52.503 DEBUG [BestMovie4you_bot Telegram Executor] o.s.o.j.SharedEntityManagerCreator$SharedEntityManagerInvocationHandler - Creating new EntityManager for shared EntityManager invocation
2026-05-11 17:57:52.504 DEBUG [BestMovie4you_bot Telegram Executor] o.s.o.j.SharedEntityManagerCreator$SharedEntityManagerInvocationHandler - Creating new EntityManager for shared EntityManager invocation
2026-05-11 17:57:52.505 DEBUG [BestMovie4you_bot Telegram Executor] o.s.o.j.SharedEntityManagerCreator$SharedEntityManagerInvocationHandler - Creating new EntityManager for shared EntityManager invocation
2026-05-11 17:57:52.506 DEBUG [BestMovie4you_bot Telegram Executor] o.s.o.j.SharedEntityManagerCreator$SharedEntityManagerInvocationHandler - Creating new EntityManager for shared EntityManager invocation
2026-05-11 17:57:52.506 DEBUG [BestMovie4you_bot Telegram Executor] o.s.o.j.SharedEntityManagerCreator$SharedEntityManagerInvocationHandler - Creating new EntityManager for shared EntityManager invocation
2026-05-11 17:57:52.507 DEBUG [BestMovie4you_bot Telegram Executor] o.s.o.j.SharedEntityManagerCreator$SharedEntityManagerInvocationHandler - Creating new EntityManager for shared EntityManager invocation
2026-05-11 17:57:52.508 DEBUG [BestMovie4you_bot Telegram Executor] o.s.o.j.SharedEntityManagerCreator$SharedEntityManagerInvocationHandler - Creating new EntityManager for shared EntityManager invocation
2026-05-11 17:57:52.509 DEBUG [BestMovie4you_bot Telegram Executor] o.s.o.j.SharedEntityManagerCreator$SharedEntityManagerInvocationHandler - Creating new EntityManager for shared EntityManager invocation
2026-05-11 17:57:52.509 DEBUG [BestMovie4you_bot Telegram Executor] o.s.o.j.SharedEntityManagerCreator$SharedEntityManagerInvocationHandler - Creating new EntityManager for shared EntityManager invocation
2026-05-11 17:57:52.510 DEBUG [BestMovie4you_bot Telegram Executor] o.s.o.j.SharedEntityManagerCreator$SharedEntityManagerInvocationHandler - Creating new EntityManager for shared EntityManager invocation
2026-05-11 17:57:52.511 DEBUG [BestMovie4you_bot Telegram Executor] o.s.o.j.SharedEntityManagerCreator$SharedEntityManagerInvocationHandler - Creating new EntityManager for shared EntityManager invocation
2026-05-11 17:57:52.511 DEBUG [BestMovie4you_bot Telegram Executor] o.s.o.j.SharedEntityManagerCreator$SharedEntityManagerInvocationHandler - Creating new EntityManager for shared EntityManager invocation
2026-05-11 17:57:52.512 DEBUG [BestMovie4you_bot Telegram Executor] o.s.o.j.SharedEntityManagerCreator$SharedEntityManagerInvocationHandler - Creating new EntityManager for shared EntityManager invocation
2026-05-11 17:57:52.512 DEBUG [BestMovie4you_bot Telegram Executor] o.s.o.j.SharedEntityManagerCreator$SharedEntityManagerInvocationHandler - Creating new EntityManager for shared EntityManager invocation
2026-05-11 17:57:52.513 DEBUG [BestMovie4you_bot Telegram Executor] o.s.o.j.SharedEntityManagerCreator$SharedEntityManagerInvocationHandler - Creating new EntityManager for shared EntityManager invocation
2026-05-11 17:57:52.513 DEBUG [BestMovie4you_bot Telegram Executor] o.s.o.j.SharedEntityManagerCreator$SharedEntityManagerInvocationHandler - Creating new EntityManager for shared EntityManager invocation
2026-05-11 17:57:53.644 ERROR [BestMovie4you_bot Telegram Connection] o.t.t.u.DefaultBotSession - Error executing org.telegram.telegrambots.meta.api.methods.updates.GetUpdates query: [409] Conflict: terminated by other getUpdates request; make sure that only one bot instance is running
Error executing org.telegram.telegrambots.meta.api.methods.updates.GetUpdates query: [409] Conflict: terminated by other getUpdates request; make sure that only one bot instance is running
	at org.telegram.telegrambots.meta.api.methods.PartialBotApiMethod.deserializeResponseInternal(PartialBotApiMethod.java:54)
	at org.telegram.telegrambots.meta.api.methods.PartialBotApiMethod.deserializeResponseArray(PartialBotApiMethod.java:39)
	at org.telegram.telegrambots.meta.api.methods.updates.GetUpdates.deserializeResponse(GetUpdates.java:86)
	at org.telegram.telegrambots.updatesreceivers.DefaultBotSession$ReaderThread.getUpdatesFromServer(DefaultBotSession.java:258)
	at org.telegram.telegrambots.updatesreceivers.DefaultBotSession$ReaderThread.run(DefaultBotSession.java:188)
2026-05-11 17:57:54.201 ERROR [BestMovie4you_bot Telegram Connection] o.t.t.u.DefaultBotSession - Error executing org.telegram.telegrambots.meta.api.methods.updates.GetUpdates query: [409] Conflict: terminated by other getUpdates request; make sure that only one bot instance is running
Error executing org.telegram.telegrambots.meta.api.methods.updates.GetUpdates query: [409] Conflict: terminated by other getUpdates request; make sure that only one bot instance is running
	at org.telegram.telegrambots.meta.api.methods.PartialBotApiMethod.deserializeResponseInternal(PartialBotApiMethod.java:54)
	at org.telegram.telegrambots.meta.api.methods.PartialBotApiMethod.deserializeResponseArray(PartialBotApiMethod.java:39)
	at org.telegram.telegrambots.meta.api.methods.updates.GetUpdates.deserializeResponse(GetUpdates.java:86)
	at org.telegram.telegrambots.updatesreceivers.DefaultBotSession$ReaderThread.getUpdatesFromServer(DefaultBotSession.java:258)
	at org.telegram.telegrambots.updatesreceivers.DefaultBotSession$ReaderThread.run(DefaultBotSession.java:188)
2026-05-11 17:57:57.758 ERROR [BestMovie4you_bot Telegram Connection] o.t.t.u.DefaultBotSession - Error executing org.telegram.telegrambots.meta.api.methods.updates.GetUpdates query: [409] Conflict: terminated by other getUpdates request; make sure that only one bot instance is running
Error executing org.telegram.telegrambots.meta.api.methods.updates.GetUpdates query: [409] Conflict: terminated by other getUpdates request; make sure that only one bot instance is running
	at org.telegram.telegrambots.meta.api.methods.PartialBotApiMethod.deserializeResponseInternal(PartialBotApiMethod.java:54)
	at org.telegram.telegrambots.meta.api.methods.PartialBotApiMethod.deserializeResponseArray(PartialBotApiMethod.java:39)
	at org.telegram.telegrambots.meta.api.methods.updates.GetUpdates.deserializeResponse(GetUpdates.java:86)
	at org.telegram.telegrambots.updatesreceivers.DefaultBotSession$ReaderThread.getUpdatesFromServer(DefaultBotSession.java:258)
	at org.telegram.telegrambots.updatesreceivers.DefaultBotSession$ReaderThread.run(DefaultBotSession.java:188)
2026-05-11 17:57:58.326 ERROR [BestMovie4you_bot Telegram Connection] o.t.t.u.DefaultBotSession - Error executing org.telegram.telegrambots.meta.api.methods.updates.GetUpdates query: [409] Conflict: terminated by other getUpdates request; make sure that only one bot instance is running
Error executing org.telegram.telegrambots.meta.api.methods.updates.GetUpdates query: [409] Conflict: terminated by other getUpdates request; make sure that only one bot instance is running
	at org.telegram.telegrambots.meta.api.methods.PartialBotApiMethod.deserializeResponseInternal(PartialBotApiMethod.java:54)
	at org.telegram.telegrambots.meta.api.methods.PartialBotApiMethod.deserializeResponseArray(PartialBotApiMethod.java:39)
	at org.telegram.telegrambots.meta.api.methods.updates.GetUpdates.deserializeResponse(GetUpdates.java:86)
	at org.telegram.telegrambots.updatesreceivers.DefaultBotSession$ReaderThread.getUpdatesFromServer(DefaultBotSession.java:258)
	at org.telegram.telegrambots.updatesreceivers.DefaultBotSession$ReaderThread.run(DefaultBotSession.java:188)
2026-05-11 17:58:02.078 ERROR [BestMovie4you_bot Telegram Connection] o.t.t.u.DefaultBotSession - Error executing org.telegram.telegrambots.meta.api.methods.updates.GetUpdates query: [409] Conflict: terminated by other getUpdates request; make sure that only one bot instance is running
Error executing org.telegram.telegrambots.meta.api.methods.updates.GetUpdates query: [409] Conflict: terminated by other getUpdates request; make sure that only one bot instance is running
	at org.telegram.telegrambots.meta.api.methods.PartialBotApiMethod.deserializeResponseInternal(PartialBotApiMethod.java:54)
	at org.telegram.telegrambots.meta.api.methods.PartialBotApiMethod.deserializeResponseArray(PartialBotApiMethod.java:39)
	at org.telegram.telegrambots.meta.api.methods.updates.GetUpdates.deserializeResponse(GetUpdates.java:86)
	at org.telegram.telegrambots.updatesreceivers.DefaultBotSession$ReaderThread.getUpdatesFromServer(DefaultBotSession.java:258)
	at org.telegram.telegrambots.updatesreceivers.DefaultBotSession$ReaderThread.run(DefaultBotSession.java:188)
2026-05-11 17:58:02.825 ERROR [BestMovie4you_bot Telegram Connection] o.t.t.u.DefaultBotSession - Error executing org.telegram.telegrambots.meta.api.methods.updates.GetUpdates query: [409] Conflict: terminated by other getUpdates request; make sure that only one bot instance is running
Error executing org.telegram.telegrambots.meta.api.methods.updates.GetUpdates query: [409] Conflict: terminated by other getUpdates request; make sure that only one bot instance is running
	at org.telegram.telegrambots.meta.api.methods.PartialBotApiMethod.deserializeResponseInternal(PartialBotApiMethod.java:54)
	at org.telegram.telegrambots.meta.api.methods.PartialBotApiMethod.deserializeResponseArray(PartialBotApiMethod.java:39)
	at org.telegram.telegrambots.meta.api.methods.updates.GetUpdates.deserializeResponse(GetUpdates.java:86)
	at org.telegram.telegrambots.updatesreceivers.DefaultBotSession$ReaderThread.getUpdatesFromServer(DefaultBotSession.java:258)
	at org.telegram.telegrambots.updatesreceivers.DefaultBotSession$ReaderThread.run(DefaultBotSession.java:188)
2026-05-11 17:58:06.501 ERROR [BestMovie4you_bot Telegram Connection] o.t.t.u.DefaultBotSession - Error executing org.telegram.telegrambots.meta.api.methods.updates.GetUpdates query: [409] Conflict: terminated by other getUpdates request; make sure that only one bot instance is running
Error executing org.telegram.telegrambots.meta.api.methods.updates.GetUpdates query: [409] Conflict: terminated by other getUpdates request; make sure that only one bot instance is running
	at org.telegram.telegrambots.meta.api.methods.PartialBotApiMethod.deserializeResponseInternal(PartialBotApiMethod.java:54)
	at org.telegram.telegrambots.meta.api.methods.PartialBotApiMethod.deserializeResponseArray(PartialBotApiMethod.java:39)
	at org.telegram.telegrambots.meta.api.methods.updates.GetUpdates.deserializeResponse(GetUpdates.java:86)
	at org.telegram.telegrambots.updatesreceivers.DefaultBotSession$ReaderThread.getUpdatesFromServer(DefaultBotSession.java:258)
	at org.telegram.telegrambots.updatesreceivers.DefaultBotSession$ReaderThread.run(DefaultBotSession.java:188)
2026-05-11 17:58:07.085 ERROR [BestMovie4you_bot Telegram Connection] o.t.t.u.DefaultBotSession - Error executing org.telegram.telegrambots.meta.api.methods.updates.GetUpdates query: [409] Conflict: terminated by other getUpdates request; make sure that only one bot instance is running
Error executing org.telegram.telegrambots.meta.api.methods.updates.GetUpdates query: [409] Conflict: terminated by other getUpdates request; make sure that only one bot instance is running
	at org.telegram.telegrambots.meta.api.methods.PartialBotApiMethod.deserializeResponseInternal(PartialBotApiMethod.java:54)
	at org.telegram.telegrambots.meta.api.methods.PartialBotApiMethod.deserializeResponseArray(PartialBotApiMethod.java:39)
	at org.telegram.telegrambots.meta.api.methods.updates.GetUpdates.deserializeResponse(GetUpdates.java:86)
	at org.telegram.telegrambots.updatesreceivers.DefaultBotSession$ReaderThread.getUpdatesFromServer(DefaultBotSession.java:258)
	at org.telegram.telegrambots.updatesreceivers.DefaultBotSession$ReaderThread.run(DefaultBotSession.java:188)
2026-05-11 17:58:10.649 ERROR [BestMovie4you_bot Telegram Connection] o.t.t.u.DefaultBotSession - Error executing org.telegram.telegrambots.meta.api.methods.updates.GetUpdates query: [409] Conflict: terminated by other getUpdates request; make sure that only one bot instance is running
Error executing org.telegram.telegrambots.meta.api.methods.updates.GetUpdates query: [409] Conflict: terminated by other getUpdates request; make sure that only one bot instance is running
	at org.telegram.telegrambots.meta.api.methods.PartialBotApiMethod.deserializeResponseInternal(PartialBotApiMethod.java:54)
	at org.telegram.telegrambots.meta.api.methods.PartialBotApiMethod.deserializeResponseArray(PartialBotApiMethod.java:39)
	at org.telegram.telegrambots.meta.api.methods.updates.GetUpdates.deserializeResponse(GetUpdates.java:86)
	at org.telegram.telegrambots.updatesreceivers.DefaultBotSession$ReaderThread.getUpdatesFromServer(DefaultBotSession.java:258)
	at org.telegram.telegrambots.updatesreceivers.DefaultBotSession$ReaderThread.run(DefaultBotSession.java:188)
2026-05-11 17:58:11.278 ERROR [BestMovie4you_bot Telegram Connection] o.t.t.u.DefaultBotSession - Error executing org.telegram.telegrambots.meta.api.methods.updates.GetUpdates query: [409] Conflict: terminated by other getUpdates request; make sure that only one bot instance is running
Error executing org.telegram.telegrambots.meta.api.methods.updates.GetUpdates query: [409] Conflict: terminated by other getUpdates request; make sure that only one bot instance is running
	at org.telegram.telegrambots.meta.api.methods.PartialBotApiMethod.deserializeResponseInternal(PartialBotApiMethod.java:54)
	at org.telegram.telegrambots.meta.api.methods.PartialBotApiMethod.deserializeResponseArray(PartialBotApiMethod.java:39)
	at org.telegram.telegrambots.meta.api.methods.updates.GetUpdates.deserializeResponse(GetUpdates.java:86)
	at org.telegram.telegrambots.updatesreceivers.DefaultBotSession$ReaderThread.getUpdatesFromServer(DefaultBotSession.java:258)
	at org.telegram.telegrambots.updatesreceivers.DefaultBotSession$ReaderThread.run(DefaultBotSession.java:188)
2026-05-11 17:58:14.835 ERROR [BestMovie4you_bot Telegram Connection] o.t.t.u.DefaultBotSession - Error executing org.telegram.telegrambots.meta.api.methods.updates.GetUpdates query: [409] Conflict: terminated by other getUpdates request; make sure that only one bot instance is running
Error executing org.telegram.telegrambots.meta.api.methods.updates.GetUpdates query: [409] Conflict: terminated by other getUpdates request; make sure that only one bot instance is running
	at org.telegram.telegrambots.meta.api.methods.PartialBotApiMethod.deserializeResponseInternal(PartialBotApiMethod.java:54)
	at org.telegram.telegrambots.meta.api.methods.PartialBotApiMethod.deserializeResponseArray(PartialBotApiMethod.java:39)
	at org.telegram.telegrambots.meta.api.methods.updates.GetUpdates.deserializeResponse(GetUpdates.java:86)
	at org.telegram.telegrambots.updatesreceivers.DefaultBotSession$ReaderThread.getUpdatesFromServer(DefaultBotSession.java:258)
	at org.telegram.telegrambots.updatesreceivers.DefaultBotSession$ReaderThread.run(DefaultBotSession.java:188)
2026-05-11 17:58:15.403 ERROR [BestMovie4you_bot Telegram Connection] o.t.t.u.DefaultBotSession - Error executing org.telegram.telegrambots.meta.api.methods.updates.GetUpdates query: [409] Conflict: terminated by other getUpdates request; make sure that only one bot instance is running
Error executing org.telegram.telegrambots.meta.api.methods.updates.GetUpdates query: [409] Conflict: terminated by other getUpdates request; make sure that only one bot instance is running
	at org.telegram.telegrambots.meta.api.methods.PartialBotApiMethod.deserializeResponseInternal(PartialBotApiMethod.java:54)
	at org.telegram.telegrambots.meta.api.methods.PartialBotApiMethod.deserializeResponseArray(PartialBotApiMethod.java:39)
	at org.telegram.telegrambots.meta.api.methods.updates.GetUpdates.deserializeResponse(GetUpdates.java:86)
	at org.telegram.telegrambots.updatesreceivers.DefaultBotSession$ReaderThread.getUpdatesFromServer(DefaultBotSession.java:258)
	at org.telegram.telegrambots.updatesreceivers.DefaultBotSession$ReaderThread.run(DefaultBotSession.java:188)
2026-05-11 17:58:18.976 ERROR [BestMovie4you_bot Telegram Connection] o.t.t.u.DefaultBotSession - Error executing org.telegram.telegrambots.meta.api.methods.updates.GetUpdates query: [409] Conflict: terminated by other getUpdates request; make sure that only one bot instance is running
Error executing org.telegram.telegrambots.meta.api.methods.updates.GetUpdates query: [409] Conflict: terminated by other getUpdates request; make sure that only one bot instance is running
	at org.telegram.telegrambots.meta.api.methods.PartialBotApiMethod.deserializeResponseInternal(PartialBotApiMethod.java:54)
	at org.telegram.telegrambots.meta.api.methods.PartialBotApiMethod.deserializeResponseArray(PartialBotApiMethod.java:39)
	at org.telegram.telegrambots.meta.api.methods.updates.GetUpdates.deserializeResponse(GetUpdates.java:86)
	at org.telegram.telegrambots.updatesreceivers.DefaultBotSession$ReaderThread.getUpdatesFromServer(DefaultBotSession.java:258)
	at org.telegram.telegrambots.updatesreceivers.DefaultBotSession$ReaderThread.run(DefaultBotSession.java:188)
2026-05-11 17:58:19.568 ERROR [BestMovie4you_bot Telegram Connection] o.t.t.u.DefaultBotSession - Error executing org.telegram.telegrambots.meta.api.methods.updates.GetUpdates query: [409] Conflict: terminated by other getUpdates request; make sure that only one bot instance is running
Error executing org.telegram.telegrambots.meta.api.methods.updates.GetUpdates query: [409] Conflict: terminated by other getUpdates request; make sure that only one bot instance is running
	at org.telegram.telegrambots.meta.api.methods.PartialBotApiMethod.deserializeResponseInternal(PartialBotApiMethod.java:54)
	at org.telegram.telegrambots.meta.api.methods.PartialBotApiMethod.deserializeResponseArray(PartialBotApiMethod.java:39)
	at org.telegram.telegrambots.meta.api.methods.updates.GetUpdates.deserializeResponse(GetUpdates.java:86)
	at org.telegram.telegrambots.updatesreceivers.DefaultBotSession$ReaderThread.getUpdatesFromServer(DefaultBotSession.java:258)
	at org.telegram.telegrambots.updatesreceivers.DefaultBotSession$ReaderThread.run(DefaultBotSession.java:188)
2026-05-11 17:58:23.177 ERROR [BestMovie4you_bot Telegram Connection] o.t.t.u.DefaultBotSession - Error executing org.telegram.telegrambots.meta.api.methods.updates.GetUpdates query: [409] Conflict: terminated by other getUpdates request; make sure that only one bot instance is running
Error executing org.telegram.telegrambots.meta.api.methods.updates.GetUpdates query: [409] Conflict: terminated by other getUpdates request; make sure that only one bot instance is running
	at org.telegram.telegrambots.meta.api.methods.PartialBotApiMethod.deserializeResponseInternal(PartialBotApiMethod.java:54)
	at org.telegram.telegrambots.meta.api.methods.PartialBotApiMethod.deserializeResponseArray(PartialBotApiMethod.java:39)
	at org.telegram.telegrambots.meta.api.methods.updates.GetUpdates.deserializeResponse(GetUpdates.java:86)
	at org.telegram.telegrambots.updatesreceivers.DefaultBotSession$ReaderThread.getUpdatesFromServer(DefaultBotSession.java:258)
	at org.telegram.telegrambots.updatesreceivers.DefaultBotSession$ReaderThread.run(DefaultBotSession.java:188)
2026-05-11 17:58:23.734 ERROR [BestMovie4you_bot Telegram Connection] o.t.t.u.DefaultBotSession - Error executing org.telegram.telegrambots.meta.api.methods.updates.GetUpdates query: [409] Conflict: terminated by other getUpdates request; make sure that only one bot instance is running
Error executing org.telegram.telegrambots.meta.api.methods.updates.GetUpdates query: [409] Conflict: terminated by other getUpdates request; make sure that only one bot instance is running
	at org.telegram.telegrambots.meta.api.methods.PartialBotApiMethod.deserializeResponseInternal(PartialBotApiMethod.java:54)
	at org.telegram.telegrambots.meta.api.methods.PartialBotApiMethod.deserializeResponseArray(PartialBotApiMethod.java:39)
	at org.telegram.telegrambots.meta.api.methods.updates.GetUpdates.deserializeResponse(GetUpdates.java:86)
	at org.telegram.telegrambots.updatesreceivers.DefaultBotSession$ReaderThread.getUpdatesFromServer(DefaultBotSession.java:258)
	at org.telegram.telegrambots.updatesreceivers.DefaultBotSession$ReaderThread.run(DefaultBotSession.java:188)
2026-05-11 17:58:27.310 ERROR [BestMovie4you_bot Telegram Connection] o.t.t.u.DefaultBotSession - Error executing org.telegram.telegrambots.meta.api.methods.updates.GetUpdates query: [409] Conflict: terminated by other getUpdates request; make sure that only one bot instance is running
Error executing org.telegram.telegrambots.meta.api.methods.updates.GetUpdates query: [409] Conflict: terminated by other getUpdates request; make sure that only one bot instance is running
	at org.telegram.telegrambots.meta.api.methods.PartialBotApiMethod.deserializeResponseInternal(PartialBotApiMethod.java:54)
	at org.telegram.telegrambots.meta.api.methods.PartialBotApiMethod.deserializeResponseArray(PartialBotApiMethod.java:39)
	at org.telegram.telegrambots.meta.api.methods.updates.GetUpdates.deserializeResponse(GetUpdates.java:86)
	at org.telegram.telegrambots.updatesreceivers.DefaultBotSession$ReaderThread.getUpdatesFromServer(DefaultBotSession.java:258)
	at org.telegram.telegrambots.updatesreceivers.DefaultBotSession$ReaderThread.run(DefaultBotSession.java:188)
2026-05-11 17:58:27.866 ERROR [BestMovie4you_bot Telegram Connection] o.t.t.u.DefaultBotSession - Error executing org.telegram.telegrambots.meta.api.methods.updates.GetUpdates query: [409] Conflict: terminated by other getUpdates request; make sure that only one bot instance is running
Error executing org.telegram.telegrambots.meta.api.methods.updates.GetUpdates query: [409] Conflict: terminated by other getUpdates request; make sure that only one bot instance is running
	at org.telegram.telegrambots.meta.api.methods.PartialBotApiMethod.deserializeResponseInternal(PartialBotApiMethod.java:54)
	at org.telegram.telegrambots.meta.api.methods.PartialBotApiMethod.deserializeResponseArray(PartialBotApiMethod.java:39)
	at org.telegram.telegrambots.meta.api.methods.updates.GetUpdates.deserializeResponse(GetUpdates.java:86)
	at org.telegram.telegrambots.updatesreceivers.DefaultBotSession$ReaderThread.getUpdatesFromServer(DefaultBotSession.java:258)
	at org.telegram.telegrambots.updatesreceivers.DefaultBotSession$ReaderThread.run(DefaultBotSession.java:188)
2026-05-11 17:58:31.435 ERROR [BestMovie4you_bot Telegram Connection] o.t.t.u.DefaultBotSession - Error executing org.telegram.telegrambots.meta.api.methods.updates.GetUpdates query: [409] Conflict: terminated by other getUpdates request; make sure that only one bot instance is running
Error executing org.telegram.telegrambots.meta.api.methods.updates.GetUpdates query: [409] Conflict: terminated by other getUpdates request; make sure that only one bot instance is running
	at org.telegram.telegrambots.meta.api.methods.PartialBotApiMethod.deserializeResponseInternal(PartialBotApiMethod.java:54)
	at org.telegram.telegrambots.meta.api.methods.PartialBotApiMethod.deserializeResponseArray(PartialBotApiMethod.java:39)
	at org.telegram.telegrambots.meta.api.methods.updates.GetUpdates.deserializeResponse(GetUpdates.java:86)
	at org.telegram.telegrambots.updatesreceivers.DefaultBotSession$ReaderThread.getUpdatesFromServer(DefaultBotSession.java:258)
	at org.telegram.telegrambots.updatesreceivers.DefaultBotSession$ReaderThread.run(DefaultBotSession.java:188)
2026-05-11 17:58:31.990 ERROR [BestMovie4you_bot Telegram Connection] o.t.t.u.DefaultBotSession - Error executing org.telegram.telegrambots.meta.api.methods.updates.GetUpdates query: [409] Conflict: terminated by other getUpdates request; make sure that only one bot instance is running
Error executing org.telegram.telegrambots.meta.api.methods.updates.GetUpdates query: [409] Conflict: terminated by other getUpdates request; make sure that only one bot instance is running
	at org.telegram.telegrambots.meta.api.methods.PartialBotApiMethod.deserializeResponseInternal(PartialBotApiMethod.java:54)
	at org.telegram.telegrambots.meta.api.methods.PartialBotApiMethod.deserializeResponseArray(PartialBotApiMethod.java:39)
	at org.telegram.telegrambots.meta.api.methods.updates.GetUpdates.deserializeResponse(GetUpdates.java:86)
	at org.telegram.telegrambots.updatesreceivers.DefaultBotSession$ReaderThread.getUpdatesFromServer(DefaultBotSession.java:258)
	at org.telegram.telegrambots.updatesreceivers.DefaultBotSession$ReaderThread.run(DefaultBotSession.java:188)
2026-05-11 17:58:35.558 ERROR [BestMovie4you_bot Telegram Connection] o.t.t.u.DefaultBotSession - Error executing org.telegram.telegrambots.meta.api.methods.updates.GetUpdates query: [409] Conflict: terminated by other getUpdates request; make sure that only one bot instance is running
Error executing org.telegram.telegrambots.meta.api.methods.updates.GetUpdates query: [409] Conflict: terminated by other getUpdates request; make sure that only one bot instance is running
	at org.telegram.telegrambots.meta.api.methods.PartialBotApiMethod.deserializeResponseInternal(PartialBotApiMethod.java:54)
	at org.telegram.telegrambots.meta.api.methods.PartialBotApiMethod.deserializeResponseArray(PartialBotApiMethod.java:39)
	at org.telegram.telegrambots.meta.api.methods.updates.GetUpdates.deserializeResponse(GetUpdates.java:86)
	at org.telegram.telegrambots.updatesreceivers.DefaultBotSession$ReaderThread.getUpdatesFromServer(DefaultBotSession.java:258)
	at org.telegram.telegrambots.updatesreceivers.DefaultBotSession$ReaderThread.run(DefaultBotSession.java:188)
2026-05-11 17:58:36.109 ERROR [BestMovie4you_bot Telegram Connection] o.t.t.u.DefaultBotSession - Error executing org.telegram.telegrambots.meta.api.methods.updates.GetUpdates query: [409] Conflict: terminated by other getUpdates request; make sure that only one bot instance is running
Error executing org.telegram.telegrambots.meta.api.methods.updates.GetUpdates query: [409] Conflict: terminated by other getUpdates request; make sure that only one bot instance is running
	at org.telegram.telegrambots.meta.api.methods.PartialBotApiMethod.deserializeResponseInternal(PartialBotApiMethod.java:54)
	at org.telegram.telegrambots.meta.api.methods.PartialBotApiMethod.deserializeResponseArray(PartialBotApiMethod.java:39)
	at org.telegram.telegrambots.meta.api.methods.updates.GetUpdates.deserializeResponse(GetUpdates.java:86)
	at org.telegram.telegrambots.updatesreceivers.DefaultBotSession$ReaderThread.getUpdatesFromServer(DefaultBotSession.java:258)
	at org.telegram.telegrambots.updatesreceivers.DefaultBotSession$ReaderThread.run(DefaultBotSession.java:188)
2026-05-11 17:58:39.671 ERROR [BestMovie4you_bot Telegram Connection] o.t.t.u.DefaultBotSession - Error executing org.telegram.telegrambots.meta.api.methods.updates.GetUpdates query: [409] Conflict: terminated by other getUpdates request; make sure that only one bot instance is running
Error executing org.telegram.telegrambots.meta.api.methods.updates.GetUpdates query: [409] Conflict: terminated by other getUpdates request; make sure that only one bot instance is running
	at org.telegram.telegrambots.meta.api.methods.PartialBotApiMethod.deserializeResponseInternal(PartialBotApiMethod.java:54)
	at org.telegram.telegrambots.meta.api.methods.PartialBotApiMethod.deserializeResponseArray(PartialBotApiMethod.java:39)
	at org.telegram.telegrambots.meta.api.methods.updates.GetUpdates.deserializeResponse(GetUpdates.java:86)
	at org.telegram.telegrambots.updatesreceivers.DefaultBotSession$ReaderThread.getUpdatesFromServer(DefaultBotSession.java:258)
	at org.telegram.telegrambots.updatesreceivers.DefaultBotSession$ReaderThread.run(DefaultBotSession.java:188)
2026-05-11 17:58:40.278 ERROR [BestMovie4you_bot Telegram Connection] o.t.t.u.DefaultBotSession - Error executing org.telegram.telegrambots.meta.api.methods.updates.GetUpdates query: [409] Conflict: terminated by other getUpdates request; make sure that only one bot instance is running
Error executing org.telegram.telegrambots.meta.api.methods.updates.GetUpdates query: [409] Conflict: terminated by other getUpdates request; make sure that only one bot instance is running
	at org.telegram.telegrambots.meta.api.methods.PartialBotApiMethod.deserializeResponseInternal(PartialBotApiMethod.java:54)
	at org.telegram.telegrambots.meta.api.methods.PartialBotApiMethod.deserializeResponseArray(PartialBotApiMethod.java:39)
	at org.telegram.telegrambots.meta.api.methods.updates.GetUpdates.deserializeResponse(GetUpdates.java:86)
	at org.telegram.telegrambots.updatesreceivers.DefaultBotSession$ReaderThread.getUpdatesFromServer(DefaultBotSession.java:258)
	at org.telegram.telegrambots.updatesreceivers.DefaultBotSession$ReaderThread.run(DefaultBotSession.java:188)
2026-05-11 17:58:43.847 ERROR [BestMovie4you_bot Telegram Connection] o.t.t.u.DefaultBotSession - Error executing org.telegram.telegrambots.meta.api.methods.updates.GetUpdates query: [409] Conflict: terminated by other getUpdates request; make sure that only one bot instance is running
Error executing org.telegram.telegrambots.meta.api.methods.updates.GetUpdates query: [409] Conflict: terminated by other getUpdates request; make sure that only one bot instance is running
	at org.telegram.telegrambots.meta.api.methods.PartialBotApiMethod.deserializeResponseInternal(PartialBotApiMethod.java:54)
	at org.telegram.telegrambots.meta.api.methods.PartialBotApiMethod.deserializeResponseArray(PartialBotApiMethod.java:39)
	at org.telegram.telegrambots.meta.api.methods.updates.GetUpdates.deserializeResponse(GetUpdates.java:86)
	at org.telegram.telegrambots.updatesreceivers.DefaultBotSession$ReaderThread.getUpdatesFromServer(DefaultBotSession.java:258)
	at org.telegram.telegrambots.updatesreceivers.DefaultBotSession$ReaderThread.run(DefaultBotSession.java:188)
2026-05-11 17:58:44.405 ERROR [BestMovie4you_bot Telegram Connection] o.t.t.u.DefaultBotSession - Error executing org.telegram.telegrambots.meta.api.methods.updates.GetUpdates query: [409] Conflict: terminated by other getUpdates request; make sure that only one bot instance is running
Error executing org.telegram.telegrambots.meta.api.methods.updates.GetUpdates query: [409] Conflict: terminated by other getUpdates request; make sure that only one bot instance is running
	at org.telegram.telegrambots.meta.api.methods.PartialBotApiMethod.deserializeResponseInternal(PartialBotApiMethod.java:54)
	at org.telegram.telegrambots.meta.api.methods.PartialBotApiMethod.deserializeResponseArray(PartialBotApiMethod.java:39)
	at org.telegram.telegrambots.meta.api.methods.updates.GetUpdates.deserializeResponse(GetUpdates.java:86)
	at org.telegram.telegrambots.updatesreceivers.DefaultBotSession$ReaderThread.getUpdatesFromServer(DefaultBotSession.java:258)
	at org.telegram.telegrambots.updatesreceivers.DefaultBotSession$ReaderThread.run(DefaultBotSession.java:188)
2026-05-11 17:58:46.348 DEBUG [BestMovie4you_bot Telegram Executor] o.s.orm.jpa.JpaTransactionManager - Creating new transaction with name [com.example.moviebot.service.FilmsService.saveWatchedFilm]: PROPAGATION_REQUIRED,ISOLATION_DEFAULT
2026-05-11 17:58:46.349 DEBUG [BestMovie4you_bot Telegram Executor] o.s.orm.jpa.JpaTransactionManager - Opened new EntityManager [SessionImpl(696429224<open>)] for JPA transaction
2026-05-11 17:58:46.351 DEBUG [BestMovie4you_bot Telegram Executor] o.s.orm.jpa.JpaTransactionManager - Exposing JPA transaction as JDBC [org.springframework.orm.jpa.vendor.HibernateJpaDialect$HibernateConnectionHandle@10454048]
2026-05-11 17:58:46.378 INFO  [BestMovie4you_bot Telegram Executor] c.e.moviebot.service.FilmsService - Фильм 'The Return of the Living Dead' успешно сохранен для пользователя 1364198563
2026-05-11 17:58:46.378 DEBUG [BestMovie4you_bot Telegram Executor] o.s.orm.jpa.JpaTransactionManager - Initiating transaction commit
2026-05-11 17:58:46.378 DEBUG [BestMovie4you_bot Telegram Executor] o.s.orm.jpa.JpaTransactionManager - Committing JPA transaction on EntityManager [SessionImpl(696429224<open>)]
2026-05-11 17:58:46.481 DEBUG [BestMovie4you_bot Telegram Executor] o.s.orm.jpa.JpaTransactionManager - Closing JPA EntityManager [SessionImpl(696429224<open>)] after transaction
2026-05-11 17:58:48.094 ERROR [BestMovie4you_bot Telegram Connection] o.t.t.u.DefaultBotSession - Error executing org.telegram.telegrambots.meta.api.methods.updates.GetUpdates query: [409] Conflict: terminated by other getUpdates request; make sure that only one bot instance is running
Error executing org.telegram.telegrambots.meta.api.methods.updates.GetUpdates query: [409] Conflict: terminated by other getUpdates request; make sure that only one bot instance is running
	at org.telegram.telegrambots.meta.api.methods.PartialBotApiMethod.deserializeResponseInternal(PartialBotApiMethod.java:54)
	at org.telegram.telegrambots.meta.api.methods.PartialBotApiMethod.deserializeResponseArray(PartialBotApiMethod.java:39)
	at org.telegram.telegrambots.meta.api.methods.updates.GetUpdates.deserializeResponse(GetUpdates.java:86)
	at org.telegram.telegrambots.updatesreceivers.DefaultBotSession$ReaderThread.getUpdatesFromServer(DefaultBotSession.java:258)
	at org.telegram.telegrambots.updatesreceivers.DefaultBotSession$ReaderThread.run(DefaultBotSession.java:188)
2026-05-11 17:58:48.662 ERROR [BestMovie4you_bot Telegram Connection] o.t.t.u.DefaultBotSession - Error executing org.telegram.telegrambots.meta.api.methods.updates.GetUpdates query: [409] Conflict: terminated by other getUpdates request; make sure that only one bot instance is running
Error executing org.telegram.telegrambots.meta.api.methods.updates.GetUpdates query: [409] Conflict: terminated by other getUpdates request; make sure that only one bot instance is running
	at org.telegram.telegrambots.meta.api.methods.PartialBotApiMethod.deserializeResponseInternal(PartialBotApiMethod.java:54)
	at org.telegram.telegrambots.meta.api.methods.PartialBotApiMethod.deserializeResponseArray(PartialBotApiMethod.java:39)
	at org.telegram.telegrambots.meta.api.methods.updates.GetUpdates.deserializeResponse(GetUpdates.java:86)
	at org.telegram.telegrambots.updatesreceivers.DefaultBotSession$ReaderThread.getUpdatesFromServer(DefaultBotSession.java:258)
	at org.telegram.telegrambots.updatesreceivers.DefaultBotSession$ReaderThread.run(DefaultBotSession.java:188)
2026-05-11 17:58:50.824 DEBUG [BestMovie4you_bot Telegram Executor] o.s.orm.jpa.JpaTransactionManager - Creating new transaction with name [com.example.moviebot.service.FilmsService.getWatchedFilms]: PROPAGATION_REQUIRED,ISOLATION_DEFAULT
2026-05-11 17:58:50.824 DEBUG [BestMovie4you_bot Telegram Executor] o.s.orm.jpa.JpaTransactionManager - Opened new EntityManager [SessionImpl(1755307867<open>)] for JPA transaction
2026-05-11 17:58:50.825 DEBUG [BestMovie4you_bot Telegram Executor] o.s.orm.jpa.JpaTransactionManager - Exposing JPA transaction as JDBC [org.springframework.orm.jpa.vendor.HibernateJpaDialect$HibernateConnectionHandle@5b425c34]
2026-05-11 17:58:50.830 DEBUG [BestMovie4you_bot Telegram Executor] o.s.orm.jpa.JpaTransactionManager - Initiating transaction commit
2026-05-11 17:58:50.830 DEBUG [BestMovie4you_bot Telegram Executor] o.s.orm.jpa.JpaTransactionManager - Committing JPA transaction on EntityManager [SessionImpl(1755307867<open>)]
2026-05-11 17:58:50.830 DEBUG [BestMovie4you_bot Telegram Executor] o.s.orm.jpa.JpaTransactionManager - Closing JPA EntityManager [SessionImpl(1755307867<open>)] after transaction
2026-05-11 17:58:52.225 ERROR [BestMovie4you_bot Telegram Connection] o.t.t.u.DefaultBotSession - Error executing org.telegram.telegrambots.meta.api.methods.updates.GetUpdates query: [409] Conflict: terminated by other getUpdates request; make sure that only one bot instance is running
Error executing org.telegram.telegrambots.meta.api.methods.updates.GetUpdates query: [409] Conflict: terminated by other getUpdates request; make sure that only one bot instance is running
	at org.telegram.telegrambots.meta.api.methods.PartialBotApiMethod.deserializeResponseInternal(PartialBotApiMethod.java:54)
	at org.telegram.telegrambots.meta.api.methods.PartialBotApiMethod.deserializeResponseArray(PartialBotApiMethod.java:39)
	at org.telegram.telegrambots.meta.api.methods.updates.GetUpdates.deserializeResponse(GetUpdates.java:86)
	at org.telegram.telegrambots.updatesreceivers.DefaultBotSession$ReaderThread.getUpdatesFromServer(DefaultBotSession.java:258)
	at org.telegram.telegrambots.updatesreceivers.DefaultBotSession$ReaderThread.run(DefaultBotSession.java:188)
2026-05-11 17:58:52.802 ERROR [BestMovie4you_bot Telegram Connection] o.t.t.u.DefaultBotSession - Error executing org.telegram.telegrambots.meta.api.methods.updates.GetUpdates query: [409] Conflict: terminated by other getUpdates request; make sure that only one bot instance is running
Error executing org.telegram.telegrambots.meta.api.methods.updates.GetUpdates query: [409] Conflict: terminated by other getUpdates request; make sure that only one bot instance is running
	at org.telegram.telegrambots.meta.api.methods.PartialBotApiMethod.deserializeResponseInternal(PartialBotApiMethod.java:54)
	at org.telegram.telegrambots.meta.api.methods.PartialBotApiMethod.deserializeResponseArray(PartialBotApiMethod.java:39)
	at org.telegram.telegrambots.meta.api.methods.updates.GetUpdates.deserializeResponse(GetUpdates.java:86)
	at org.telegram.telegrambots.updatesreceivers.DefaultBotSession$ReaderThread.getUpdatesFromServer(DefaultBotSession.java:258)
	at org.telegram.telegrambots.updatesreceivers.DefaultBotSession$ReaderThread.run(DefaultBotSession.java:188)
2026-05-11 17:58:53.733 INFO  [BestMovie4you_bot Telegram Executor] c.e.moviebot.controller.MovieBot - Deleting film: The Return of the Living Dead with ID: 5
2026-05-11 17:58:53.733 DEBUG [BestMovie4you_bot Telegram Executor] o.s.orm.jpa.JpaTransactionManager - Creating new transaction with name [com.example.moviebot.service.FilmsService.deleteFilm]: PROPAGATION_REQUIRED,ISOLATION_DEFAULT
2026-05-11 17:58:53.733 DEBUG [BestMovie4you_bot Telegram Executor] o.s.orm.jpa.JpaTransactionManager - Opened new EntityManager [SessionImpl(365089683<open>)] for JPA transaction
2026-05-11 17:58:53.733 DEBUG [BestMovie4you_bot Telegram Executor] o.s.orm.jpa.JpaTransactionManager - Exposing JPA transaction as JDBC [org.springframework.orm.jpa.vendor.HibernateJpaDialect$HibernateConnectionHandle@794afd18]
2026-05-11 17:58:53.735 DEBUG [BestMovie4you_bot Telegram Executor] o.s.orm.jpa.JpaTransactionManager - Found thread-bound EntityManager [SessionImpl(365089683<open>)] for JPA transaction
2026-05-11 17:58:53.735 DEBUG [BestMovie4you_bot Telegram Executor] o.s.orm.jpa.JpaTransactionManager - Participating in existing transaction
2026-05-11 17:58:53.741 DEBUG [BestMovie4you_bot Telegram Executor] o.s.orm.jpa.JpaTransactionManager - Initiating transaction commit
2026-05-11 17:58:53.741 DEBUG [BestMovie4you_bot Telegram Executor] o.s.orm.jpa.JpaTransactionManager - Committing JPA transaction on EntityManager [SessionImpl(365089683<open>)]
2026-05-11 17:58:54.102 DEBUG [BestMovie4you_bot Telegram Executor] o.s.orm.jpa.JpaTransactionManager - Closing JPA EntityManager [SessionImpl(365089683<open>)] after transaction
2026-05-11 17:58:56.369 ERROR [BestMovie4you_bot Telegram Connection] o.t.t.u.DefaultBotSession - Error executing org.telegram.telegrambots.meta.api.methods.updates.GetUpdates query: [409] Conflict: terminated by other getUpdates request; make sure that only one bot instance is running
Error executing org.telegram.telegrambots.meta.api.methods.updates.GetUpdates query: [409] Conflict: terminated by other getUpdates request; make sure that only one bot instance is running
	at org.telegram.telegrambots.meta.api.methods.PartialBotApiMethod.deserializeResponseInternal(PartialBotApiMethod.java:54)
	at org.telegram.telegrambots.meta.api.methods.PartialBotApiMethod.deserializeResponseArray(PartialBotApiMethod.java:39)
	at org.telegram.telegrambots.meta.api.methods.updates.GetUpdates.deserializeResponse(GetUpdates.java:86)
	at org.telegram.telegrambots.updatesreceivers.DefaultBotSession$ReaderThread.getUpdatesFromServer(DefaultBotSession.java:258)
	at org.telegram.telegrambots.updatesreceivers.DefaultBotSession$ReaderThread.run(DefaultBotSession.java:188)
2026-05-11 17:58:56.925 ERROR [BestMovie4you_bot Telegram Connection] o.t.t.u.DefaultBotSession - Error executing org.telegram.telegrambots.meta.api.methods.updates.GetUpdates query: [409] Conflict: terminated by other getUpdates request; make sure that only one bot instance is running
Error executing org.telegram.telegrambots.meta.api.methods.updates.GetUpdates query: [409] Conflict: terminated by other getUpdates request; make sure that only one bot instance is running
	at org.telegram.telegrambots.meta.api.methods.PartialBotApiMethod.deserializeResponseInternal(PartialBotApiMethod.java:54)
	at org.telegram.telegrambots.meta.api.methods.PartialBotApiMethod.deserializeResponseArray(PartialBotApiMethod.java:39)
	at org.telegram.telegrambots.meta.api.methods.updates.GetUpdates.deserializeResponse(GetUpdates.java:86)
	at org.telegram.telegrambots.updatesreceivers.DefaultBotSession$ReaderThread.getUpdatesFromServer(DefaultBotSession.java:258)
	at org.telegram.telegrambots.updatesreceivers.DefaultBotSession$ReaderThread.run(DefaultBotSession.java:188)
2026-05-11 17:59:00.588 ERROR [BestMovie4you_bot Telegram Connection] o.t.t.u.DefaultBotSession - Error executing org.telegram.telegrambots.meta.api.methods.updates.GetUpdates query: [409] Conflict: terminated by other getUpdates request; make sure that only one bot instance is running
Error executing org.telegram.telegrambots.meta.api.methods.updates.GetUpdates query: [409] Conflict: terminated by other getUpdates request; make sure that only one bot instance is running
	at org.telegram.telegrambots.meta.api.methods.PartialBotApiMethod.deserializeResponseInternal(PartialBotApiMethod.java:54)
	at org.telegram.telegrambots.meta.api.methods.PartialBotApiMethod.deserializeResponseArray(PartialBotApiMethod.java:39)
	at org.telegram.telegrambots.meta.api.methods.updates.GetUpdates.deserializeResponse(GetUpdates.java:86)
	at org.telegram.telegrambots.updatesreceivers.DefaultBotSession$ReaderThread.getUpdatesFromServer(DefaultBotSession.java:258)
	at org.telegram.telegrambots.updatesreceivers.DefaultBotSession$ReaderThread.run(DefaultBotSession.java:188)
2026-05-11 17:59:00.668 DEBUG [BestMovie4you_bot Telegram Executor] o.s.orm.jpa.JpaTransactionManager - Creating new transaction with name [com.example.moviebot.service.FilmsService.getWatchedFilms]: PROPAGATION_REQUIRED,ISOLATION_DEFAULT
2026-05-11 17:59:00.669 DEBUG [BestMovie4you_bot Telegram Executor] o.s.orm.jpa.JpaTransactionManager - Opened new EntityManager [SessionImpl(1039643669<open>)] for JPA transaction
2026-05-11 17:59:00.669 DEBUG [BestMovie4you_bot Telegram Executor] o.s.orm.jpa.JpaTransactionManager - Exposing JPA transaction as JDBC [org.springframework.orm.jpa.vendor.HibernateJpaDialect$HibernateConnectionHandle@3b59d7ba]
2026-05-11 17:59:00.670 DEBUG [BestMovie4you_bot Telegram Executor] o.s.orm.jpa.JpaTransactionManager - Initiating transaction commit
2026-05-11 17:59:00.670 DEBUG [BestMovie4you_bot Telegram Executor] o.s.orm.jpa.JpaTransactionManager - Committing JPA transaction on EntityManager [SessionImpl(1039643669<open>)]
2026-05-11 17:59:00.670 DEBUG [BestMovie4you_bot Telegram Executor] o.s.orm.jpa.JpaTransactionManager - Closing JPA EntityManager [SessionImpl(1039643669<open>)] after transaction
2026-05-11 17:59:01.145 ERROR [BestMovie4you_bot Telegram Connection] o.t.t.u.DefaultBotSession - Error executing org.telegram.telegrambots.meta.api.methods.updates.GetUpdates query: [409] Conflict: terminated by other getUpdates request; make sure that only one bot instance is running
Error executing org.telegram.telegrambots.meta.api.methods.updates.GetUpdates query: [409] Conflict: terminated by other getUpdates request; make sure that only one bot instance is running
	at org.telegram.telegrambots.meta.api.methods.PartialBotApiMethod.deserializeResponseInternal(PartialBotApiMethod.java:54)
	at org.telegram.telegrambots.meta.api.methods.PartialBotApiMethod.deserializeResponseArray(PartialBotApiMethod.java:39)
	at org.telegram.telegrambots.meta.api.methods.updates.GetUpdates.deserializeResponse(GetUpdates.java:86)
	at org.telegram.telegrambots.updatesreceivers.DefaultBotSession$ReaderThread.getUpdatesFromServer(DefaultBotSession.java:258)
	at org.telegram.telegrambots.updatesreceivers.DefaultBotSession$ReaderThread.run(DefaultBotSession.java:188)
2026-05-11 17:59:04.712 ERROR [BestMovie4you_bot Telegram Connection] o.t.t.u.DefaultBotSession - Error executing org.telegram.telegrambots.meta.api.methods.updates.GetUpdates query: [409] Conflict: terminated by other getUpdates request; make sure that only one bot instance is running
Error executing org.telegram.telegrambots.meta.api.methods.updates.GetUpdates query: [409] Conflict: terminated by other getUpdates request; make sure that only one bot instance is running
	at org.telegram.telegrambots.meta.api.methods.PartialBotApiMethod.deserializeResponseInternal(PartialBotApiMethod.java:54)
	at org.telegram.telegrambots.meta.api.methods.PartialBotApiMethod.deserializeResponseArray(PartialBotApiMethod.java:39)
	at org.telegram.telegrambots.meta.api.methods.updates.GetUpdates.deserializeResponse(GetUpdates.java:86)
	at org.telegram.telegrambots.updatesreceivers.DefaultBotSession$ReaderThread.getUpdatesFromServer(DefaultBotSession.java:258)
	at org.telegram.telegrambots.updatesreceivers.DefaultBotSession$ReaderThread.run(DefaultBotSession.java:188)
2026-05-11 17:59:05.266 ERROR [BestMovie4you_bot Telegram Connection] o.t.t.u.DefaultBotSession - Error executing org.telegram.telegrambots.meta.api.methods.updates.GetUpdates query: [409] Conflict: terminated by other getUpdates request; make sure that only one bot instance is running
Error executing org.telegram.telegrambots.meta.api.methods.updates.GetUpdates query: [409] Conflict: terminated by other getUpdates request; make sure that only one bot instance is running
	at org.telegram.telegrambots.meta.api.methods.PartialBotApiMethod.deserializeResponseInternal(PartialBotApiMethod.java:54)
	at org.telegram.telegrambots.meta.api.methods.PartialBotApiMethod.deserializeResponseArray(PartialBotApiMethod.java:39)
	at org.telegram.telegrambots.meta.api.methods.updates.GetUpdates.deserializeResponse(GetUpdates.java:86)
	at org.telegram.telegrambots.updatesreceivers.DefaultBotSession$ReaderThread.getUpdatesFromServer(DefaultBotSession.java:258)
	at org.telegram.telegrambots.updatesreceivers.DefaultBotSession$ReaderThread.run(DefaultBotSession.java:188)
2026-05-11 17:59:08.826 ERROR [BestMovie4you_bot Telegram Connection] o.t.t.u.DefaultBotSession - Error executing org.telegram.telegrambots.meta.api.methods.updates.GetUpdates query: [409] Conflict: terminated by other getUpdates request; make sure that only one bot instance is running
Error executing org.telegram.telegrambots.meta.api.methods.updates.GetUpdates query: [409] Conflict: terminated by other getUpdates request; make sure that only one bot instance is running
	at org.telegram.telegrambots.meta.api.methods.PartialBotApiMethod.deserializeResponseInternal(PartialBotApiMethod.java:54)
	at org.telegram.telegrambots.meta.api.methods.PartialBotApiMethod.deserializeResponseArray(PartialBotApiMethod.java:39)
	at org.telegram.telegrambots.meta.api.methods.updates.GetUpdates.deserializeResponse(GetUpdates.java:86)
	at org.telegram.telegrambots.updatesreceivers.DefaultBotSession$ReaderThread.getUpdatesFromServer(DefaultBotSession.java:258)
	at org.telegram.telegrambots.updatesreceivers.DefaultBotSession$ReaderThread.run(DefaultBotSession.java:188)
2026-05-11 17:59:09.404 ERROR [BestMovie4you_bot Telegram Connection] o.t.t.u.DefaultBotSession - Error executing org.telegram.telegrambots.meta.api.methods.updates.GetUpdates query: [409] Conflict: terminated by other getUpdates request; make sure that only one bot instance is running
Error executing org.telegram.telegrambots.meta.api.methods.updates.GetUpdates query: [409] Conflict: terminated by other getUpdates request; make sure that only one bot instance is running
	at org.telegram.telegrambots.meta.api.methods.PartialBotApiMethod.deserializeResponseInternal(PartialBotApiMethod.java:54)
	at org.telegram.telegrambots.meta.api.methods.PartialBotApiMethod.deserializeResponseArray(PartialBotApiMethod.java:39)
	at org.telegram.telegrambots.meta.api.methods.updates.GetUpdates.deserializeResponse(GetUpdates.java:86)
	at org.telegram.telegrambots.updatesreceivers.DefaultBotSession$ReaderThread.getUpdatesFromServer(DefaultBotSession.java:258)
	at org.telegram.telegrambots.updatesreceivers.DefaultBotSession$ReaderThread.run(DefaultBotSession.java:188)
2026-05-11 17:59:13.363 ERROR [BestMovie4you_bot Telegram Connection] o.t.t.u.DefaultBotSession - Error executing org.telegram.telegrambots.meta.api.methods.updates.GetUpdates query: [409] Conflict: terminated by other getUpdates request; make sure that only one bot instance is running
Error executing org.telegram.telegrambots.meta.api.methods.updates.GetUpdates query: [409] Conflict: terminated by other getUpdates request; make sure that only one bot instance is running
	at org.telegram.telegrambots.meta.api.methods.PartialBotApiMethod.deserializeResponseInternal(PartialBotApiMethod.java:54)
	at org.telegram.telegrambots.meta.api.methods.PartialBotApiMethod.deserializeResponseArray(PartialBotApiMethod.java:39)
	at org.telegram.telegrambots.meta.api.methods.updates.GetUpdates.deserializeResponse(GetUpdates.java:86)
	at org.telegram.telegrambots.updatesreceivers.DefaultBotSession$ReaderThread.getUpdatesFromServer(DefaultBotSession.java:258)
	at org.telegram.telegrambots.updatesreceivers.DefaultBotSession$ReaderThread.run(DefaultBotSession.java:188)
2026-05-11 17:59:14.023 ERROR [BestMovie4you_bot Telegram Connection] o.t.t.u.DefaultBotSession - Error executing org.telegram.telegrambots.meta.api.methods.updates.GetUpdates query: [409] Conflict: terminated by other getUpdates request; make sure that only one bot instance is running
Error executing org.telegram.telegrambots.meta.api.methods.updates.GetUpdates query: [409] Conflict: terminated by other getUpdates request; make sure that only one bot instance is running
	at org.telegram.telegrambots.meta.api.methods.PartialBotApiMethod.deserializeResponseInternal(PartialBotApiMethod.java:54)
	at org.telegram.telegrambots.meta.api.methods.PartialBotApiMethod.deserializeResponseArray(PartialBotApiMethod.java:39)
	at org.telegram.telegrambots.meta.api.methods.updates.GetUpdates.deserializeResponse(GetUpdates.java:86)
	at org.telegram.telegrambots.updatesreceivers.DefaultBotSession$ReaderThread.getUpdatesFromServer(DefaultBotSession.java:258)
	at org.telegram.telegrambots.updatesreceivers.DefaultBotSession$ReaderThread.run(DefaultBotSession.java:188)
2026-05-11 17:59:17.585 ERROR [BestMovie4you_bot Telegram Connection] o.t.t.u.DefaultBotSession - Error executing org.telegram.telegrambots.meta.api.methods.updates.GetUpdates query: [409] Conflict: terminated by other getUpdates request; make sure that only one bot instance is running
Error executing org.telegram.telegrambots.meta.api.methods.updates.GetUpdates query: [409] Conflict: terminated by other getUpdates request; make sure that only one bot instance is running
	at org.telegram.telegrambots.meta.api.methods.PartialBotApiMethod.deserializeResponseInternal(PartialBotApiMethod.java:54)
	at org.telegram.telegrambots.meta.api.methods.PartialBotApiMethod.deserializeResponseArray(PartialBotApiMethod.java:39)
	at org.telegram.telegrambots.meta.api.methods.updates.GetUpdates.deserializeResponse(GetUpdates.java:86)
	at org.telegram.telegrambots.updatesreceivers.DefaultBotSession$ReaderThread.getUpdatesFromServer(DefaultBotSession.java:258)
	at org.telegram.telegrambots.updatesreceivers.DefaultBotSession$ReaderThread.run(DefaultBotSession.java:188)
2026-05-11 17:59:18.138 ERROR [BestMovie4you_bot Telegram Connection] o.t.t.u.DefaultBotSession - Error executing org.telegram.telegrambots.meta.api.methods.updates.GetUpdates query: [409] Conflict: terminated by other getUpdates request; make sure that only one bot instance is running
Error executing org.telegram.telegrambots.meta.api.methods.updates.GetUpdates query: [409] Conflict: terminated by other getUpdates request; make sure that only one bot instance is running
	at org.telegram.telegrambots.meta.api.methods.PartialBotApiMethod.deserializeResponseInternal(PartialBotApiMethod.java:54)
	at org.telegram.telegrambots.meta.api.methods.PartialBotApiMethod.deserializeResponseArray(PartialBotApiMethod.java:39)
	at org.telegram.telegrambots.meta.api.methods.updates.GetUpdates.deserializeResponse(GetUpdates.java:86)
	at org.telegram.telegrambots.updatesreceivers.DefaultBotSession$ReaderThread.getUpdatesFromServer(DefaultBotSession.java:258)
	at org.telegram.telegrambots.updatesreceivers.DefaultBotSession$ReaderThread.run(DefaultBotSession.java:188)
2026-05-11 17:59:21.708 ERROR [BestMovie4you_bot Telegram Connection] o.t.t.u.DefaultBotSession - Error executing org.telegram.telegrambots.meta.api.methods.updates.GetUpdates query: [409] Conflict: terminated by other getUpdates request; make sure that only one bot instance is running
Error executing org.telegram.telegrambots.meta.api.methods.updates.GetUpdates query: [409] Conflict: terminated by other getUpdates request; make sure that only one bot instance is running
	at org.telegram.telegrambots.meta.api.methods.PartialBotApiMethod.deserializeResponseInternal(PartialBotApiMethod.java:54)
	at org.telegram.telegrambots.meta.api.methods.PartialBotApiMethod.deserializeResponseArray(PartialBotApiMethod.java:39)
	at org.telegram.telegrambots.meta.api.methods.updates.GetUpdates.deserializeResponse(GetUpdates.java:86)
	at org.telegram.telegrambots.updatesreceivers.DefaultBotSession$ReaderThread.getUpdatesFromServer(DefaultBotSession.java:258)
	at org.telegram.telegrambots.updatesreceivers.DefaultBotSession$ReaderThread.run(DefaultBotSession.java:188)
2026-05-11 17:59:22.266 ERROR [BestMovie4you_bot Telegram Connection] o.t.t.u.DefaultBotSession - Error executing org.telegram.telegrambots.meta.api.methods.updates.GetUpdates query: [409] Conflict: terminated by other getUpdates request; make sure that only one bot instance is running
Error executing org.telegram.telegrambots.meta.api.methods.updates.GetUpdates query: [409] Conflict: terminated by other getUpdates request; make sure that only one bot instance is running
	at org.telegram.telegrambots.meta.api.methods.PartialBotApiMethod.deserializeResponseInternal(PartialBotApiMethod.java:54)
	at org.telegram.telegrambots.meta.api.methods.PartialBotApiMethod.deserializeResponseArray(PartialBotApiMethod.java:39)
	at org.telegram.telegrambots.meta.api.methods.updates.GetUpdates.deserializeResponse(GetUpdates.java:86)
	at org.telegram.telegrambots.updatesreceivers.DefaultBotSession$ReaderThread.getUpdatesFromServer(DefaultBotSession.java:258)
	at org.telegram.telegrambots.updatesreceivers.DefaultBotSession$ReaderThread.run(DefaultBotSession.java:188)
2026-05-11 17:59:26.092 ERROR [BestMovie4you_bot Telegram Connection] o.t.t.u.DefaultBotSession - Error executing org.telegram.telegrambots.meta.api.methods.updates.GetUpdates query: [409] Conflict: terminated by other getUpdates request; make sure that only one bot instance is running
Error executing org.telegram.telegrambots.meta.api.methods.updates.GetUpdates query: [409] Conflict: terminated by other getUpdates request; make sure that only one bot instance is running
	at org.telegram.telegrambots.meta.api.methods.PartialBotApiMethod.deserializeResponseInternal(PartialBotApiMethod.java:54)
	at org.telegram.telegrambots.meta.api.methods.PartialBotApiMethod.deserializeResponseArray(PartialBotApiMethod.java:39)
	at org.telegram.telegrambots.meta.api.methods.updates.GetUpdates.deserializeResponse(GetUpdates.java:86)
	at org.telegram.telegrambots.updatesreceivers.DefaultBotSession$ReaderThread.getUpdatesFromServer(DefaultBotSession.java:258)
	at org.telegram.telegrambots.updatesreceivers.DefaultBotSession$ReaderThread.run(DefaultBotSession.java:188)
2026-05-11 17:59:26.649 ERROR [BestMovie4you_bot Telegram Connection] o.t.t.u.DefaultBotSession - Error executing org.telegram.telegrambots.meta.api.methods.updates.GetUpdates query: [409] Conflict: terminated by other getUpdates request; make sure that only one bot instance is running
Error executing org.telegram.telegrambots.meta.api.methods.updates.GetUpdates query: [409] Conflict: terminated by other getUpdates request; make sure that only one bot instance is running
	at org.telegram.telegrambots.meta.api.methods.PartialBotApiMethod.deserializeResponseInternal(PartialBotApiMethod.java:54)
	at org.telegram.telegrambots.meta.api.methods.PartialBotApiMethod.deserializeResponseArray(PartialBotApiMethod.java:39)
	at org.telegram.telegrambots.meta.api.methods.updates.GetUpdates.deserializeResponse(GetUpdates.java:86)
	at org.telegram.telegrambots.updatesreceivers.DefaultBotSession$ReaderThread.getUpdatesFromServer(DefaultBotSession.java:258)
	at org.telegram.telegrambots.updatesreceivers.DefaultBotSession$ReaderThread.run(DefaultBotSession.java:188)
2026-05-11 17:59:30.344 ERROR [BestMovie4you_bot Telegram Connection] o.t.t.u.DefaultBotSession - Error executing org.telegram.telegrambots.meta.api.methods.updates.GetUpdates query: [409] Conflict: terminated by other getUpdates request; make sure that only one bot instance is running
Error executing org.telegram.telegrambots.meta.api.methods.updates.GetUpdates query: [409] Conflict: terminated by other getUpdates request; make sure that only one bot instance is running
	at org.telegram.telegrambots.meta.api.methods.PartialBotApiMethod.deserializeResponseInternal(PartialBotApiMethod.java:54)
	at org.telegram.telegrambots.meta.api.methods.PartialBotApiMethod.deserializeResponseArray(PartialBotApiMethod.java:39)
	at org.telegram.telegrambots.meta.api.methods.updates.GetUpdates.deserializeResponse(GetUpdates.java:86)
	at org.telegram.telegrambots.updatesreceivers.DefaultBotSession$ReaderThread.getUpdatesFromServer(DefaultBotSession.java:258)
	at org.telegram.telegrambots.updatesreceivers.DefaultBotSession$ReaderThread.run(DefaultBotSession.java:188)
2026-05-11 17:59:30.893 ERROR [BestMovie4you_bot Telegram Connection] o.t.t.u.DefaultBotSession - Error executing org.telegram.telegrambots.meta.api.methods.updates.GetUpdates query: [409] Conflict: terminated by other getUpdates request; make sure that only one bot instance is running
Error executing org.telegram.telegrambots.meta.api.methods.updates.GetUpdates query: [409] Conflict: terminated by other getUpdates request; make sure that only one bot instance is running
	at org.telegram.telegrambots.meta.api.methods.PartialBotApiMethod.deserializeResponseInternal(PartialBotApiMethod.java:54)
	at org.telegram.telegrambots.meta.api.methods.PartialBotApiMethod.deserializeResponseArray(PartialBotApiMethod.java:39)
	at org.telegram.telegrambots.meta.api.methods.updates.GetUpdates.deserializeResponse(GetUpdates.java:86)
	at org.telegram.telegrambots.updatesreceivers.DefaultBotSession$ReaderThread.getUpdatesFromServer(DefaultBotSession.java:258)
	at org.telegram.telegrambots.updatesreceivers.DefaultBotSession$ReaderThread.run(DefaultBotSession.java:188)
2026-05-11 17:59:34.460 ERROR [BestMovie4you_bot Telegram Connection] o.t.t.u.DefaultBotSession - Error executing org.telegram.telegrambots.meta.api.methods.updates.GetUpdates query: [409] Conflict: terminated by other getUpdates request; make sure that only one bot instance is running
Error executing org.telegram.telegrambots.meta.api.methods.updates.GetUpdates query: [409] Conflict: terminated by other getUpdates request; make sure that only one bot instance is running
	at org.telegram.telegrambots.meta.api.methods.PartialBotApiMethod.deserializeResponseInternal(PartialBotApiMethod.java:54)
	at org.telegram.telegrambots.meta.api.methods.PartialBotApiMethod.deserializeResponseArray(PartialBotApiMethod.java:39)
	at org.telegram.telegrambots.meta.api.methods.updates.GetUpdates.deserializeResponse(GetUpdates.java:86)
	at org.telegram.telegrambots.updatesreceivers.DefaultBotSession$ReaderThread.getUpdatesFromServer(DefaultBotSession.java:258)
	at org.telegram.telegrambots.updatesreceivers.DefaultBotSession$ReaderThread.run(DefaultBotSession.java:188)
2026-05-11 17:59:35.019 ERROR [BestMovie4you_bot Telegram Connection] o.t.t.u.DefaultBotSession - Error executing org.telegram.telegrambots.meta.api.methods.updates.GetUpdates query: [409] Conflict: terminated by other getUpdates request; make sure that only one bot instance is running
Error executing org.telegram.telegrambots.meta.api.methods.updates.GetUpdates query: [409] Conflict: terminated by other getUpdates request; make sure that only one bot instance is running
	at org.telegram.telegrambots.meta.api.methods.PartialBotApiMethod.deserializeResponseInternal(PartialBotApiMethod.java:54)
	at org.telegram.telegrambots.meta.api.methods.PartialBotApiMethod.deserializeResponseArray(PartialBotApiMethod.java:39)
	at org.telegram.telegrambots.meta.api.methods.updates.GetUpdates.deserializeResponse(GetUpdates.java:86)
	at org.telegram.telegrambots.updatesreceivers.DefaultBotSession$ReaderThread.getUpdatesFromServer(DefaultBotSession.java:258)
	at org.telegram.telegrambots.updatesreceivers.DefaultBotSession$ReaderThread.run(DefaultBotSession.java:188)
2026-05-11 17:59:38.585 ERROR [BestMovie4you_bot Telegram Connection] o.t.t.u.DefaultBotSession - Error executing org.telegram.telegrambots.meta.api.methods.updates.GetUpdates query: [409] Conflict: terminated by other getUpdates request; make sure that only one bot instance is running
Error executing org.telegram.telegrambots.meta.api.methods.updates.GetUpdates query: [409] Conflict: terminated by other getUpdates request; make sure that only one bot instance is running
	at org.telegram.telegrambots.meta.api.methods.PartialBotApiMethod.deserializeResponseInternal(PartialBotApiMethod.java:54)
	at org.telegram.telegrambots.meta.api.methods.PartialBotApiMethod.deserializeResponseArray(PartialBotApiMethod.java:39)
	at org.telegram.telegrambots.meta.api.methods.updates.GetUpdates.deserializeResponse(GetUpdates.java:86)
	at org.telegram.telegrambots.updatesreceivers.DefaultBotSession$ReaderThread.getUpdatesFromServer(DefaultBotSession.java:258)
	at org.telegram.telegrambots.updatesreceivers.DefaultBotSession$ReaderThread.run(DefaultBotSession.java:188)
2026-05-11 17:59:39.143 ERROR [BestMovie4you_bot Telegram Connection] o.t.t.u.DefaultBotSession - Error executing org.telegram.telegrambots.meta.api.methods.updates.GetUpdates query: [409] Conflict: terminated by other getUpdates request; make sure that only one bot instance is running
Error executing org.telegram.telegrambots.meta.api.methods.updates.GetUpdates query: [409] Conflict: terminated by other getUpdates request; make sure that only one bot instance is running
	at org.telegram.telegrambots.meta.api.methods.PartialBotApiMethod.deserializeResponseInternal(PartialBotApiMethod.java:54)
	at org.telegram.telegrambots.meta.api.methods.PartialBotApiMethod.deserializeResponseArray(PartialBotApiMethod.java:39)
	at org.telegram.telegrambots.meta.api.methods.updates.GetUpdates.deserializeResponse(GetUpdates.java:86)
	at org.telegram.telegrambots.updatesreceivers.DefaultBotSession$ReaderThread.getUpdatesFromServer(DefaultBotSession.java:258)
	at org.telegram.telegrambots.updatesreceivers.DefaultBotSession$ReaderThread.run(DefaultBotSession.java:188)
2026-05-11 17:59:42.708 ERROR [BestMovie4you_bot Telegram Connection] o.t.t.u.DefaultBotSession - Error executing org.telegram.telegrambots.meta.api.methods.updates.GetUpdates query: [409] Conflict: terminated by other getUpdates request; make sure that only one bot instance is running
Error executing org.telegram.telegrambots.meta.api.methods.updates.GetUpdates query: [409] Conflict: terminated by other getUpdates request; make sure that only one bot instance is running
	at org.telegram.telegrambots.meta.api.methods.PartialBotApiMethod.deserializeResponseInternal(PartialBotApiMethod.java:54)
	at org.telegram.telegrambots.meta.api.methods.PartialBotApiMethod.deserializeResponseArray(PartialBotApiMethod.java:39)
	at org.telegram.telegrambots.meta.api.methods.updates.GetUpdates.deserializeResponse(GetUpdates.java:86)
	at org.telegram.telegrambots.updatesreceivers.DefaultBotSession$ReaderThread.getUpdatesFromServer(DefaultBotSession.java:258)
	at org.telegram.telegrambots.updatesreceivers.DefaultBotSession$ReaderThread.run(DefaultBotSession.java:188)
2026-05-11 17:59:43.257 ERROR [BestMovie4you_bot Telegram Connection] o.t.t.u.DefaultBotSession - Error executing org.telegram.telegrambots.meta.api.methods.updates.GetUpdates query: [409] Conflict: terminated by other getUpdates request; make sure that only one bot instance is running
Error executing org.telegram.telegrambots.meta.api.methods.updates.GetUpdates query: [409] Conflict: terminated by other getUpdates request; make sure that only one bot instance is running
	at org.telegram.telegrambots.meta.api.methods.PartialBotApiMethod.deserializeResponseInternal(PartialBotApiMethod.java:54)
	at org.telegram.telegrambots.meta.api.methods.PartialBotApiMethod.deserializeResponseArray(PartialBotApiMethod.java:39)
	at org.telegram.telegrambots.meta.api.methods.updates.GetUpdates.deserializeResponse(GetUpdates.java:86)
	at org.telegram.telegrambots.updatesreceivers.DefaultBotSession$ReaderThread.getUpdatesFromServer(DefaultBotSession.java:258)
	at org.telegram.telegrambots.updatesreceivers.DefaultBotSession$ReaderThread.run(DefaultBotSession.java:188)
2026-05-11 17:59:46.834 ERROR [BestMovie4you_bot Telegram Connection] o.t.t.u.DefaultBotSession - Error executing org.telegram.telegrambots.meta.api.methods.updates.GetUpdates query: [409] Conflict: terminated by other getUpdates request; make sure that only one bot instance is running
Error executing org.telegram.telegrambots.meta.api.methods.updates.GetUpdates query: [409] Conflict: terminated by other getUpdates request; make sure that only one bot instance is running
	at org.telegram.telegrambots.meta.api.methods.PartialBotApiMethod.deserializeResponseInternal(PartialBotApiMethod.java:54)
	at org.telegram.telegrambots.meta.api.methods.PartialBotApiMethod.deserializeResponseArray(PartialBotApiMethod.java:39)
	at org.telegram.telegrambots.meta.api.methods.updates.GetUpdates.deserializeResponse(GetUpdates.java:86)
	at org.telegram.telegrambots.updatesreceivers.DefaultBotSession$ReaderThread.getUpdatesFromServer(DefaultBotSession.java:258)
	at org.telegram.telegrambots.updatesreceivers.DefaultBotSession$ReaderThread.run(DefaultBotSession.java:188)
2026-05-11 17:59:47.398 ERROR [BestMovie4you_bot Telegram Connection] o.t.t.u.DefaultBotSession - Error executing org.telegram.telegrambots.meta.api.methods.updates.GetUpdates query: [409] Conflict: terminated by other getUpdates request; make sure that only one bot instance is running
Error executing org.telegram.telegrambots.meta.api.methods.updates.GetUpdates query: [409] Conflict: terminated by other getUpdates request; make sure that only one bot instance is running
	at org.telegram.telegrambots.meta.api.methods.PartialBotApiMethod.deserializeResponseInternal(PartialBotApiMethod.java:54)
	at org.telegram.telegrambots.meta.api.methods.PartialBotApiMethod.deserializeResponseArray(PartialBotApiMethod.java:39)
	at org.telegram.telegrambots.meta.api.methods.updates.GetUpdates.deserializeResponse(GetUpdates.java:86)
	at org.telegram.telegrambots.updatesreceivers.DefaultBotSession$ReaderThread.getUpdatesFromServer(DefaultBotSession.java:258)
	at org.telegram.telegrambots.updatesreceivers.DefaultBotSession$ReaderThread.run(DefaultBotSession.java:188)
2026-05-11 17:59:50.992 ERROR [BestMovie4you_bot Telegram Connection] o.t.t.u.DefaultBotSession - Error executing org.telegram.telegrambots.meta.api.methods.updates.GetUpdates query: [409] Conflict: terminated by other getUpdates request; make sure that only one bot instance is running
Error executing org.telegram.telegrambots.meta.api.methods.updates.GetUpdates query: [409] Conflict: terminated by other getUpdates request; make sure that only one bot instance is running
	at org.telegram.telegrambots.meta.api.methods.PartialBotApiMethod.deserializeResponseInternal(PartialBotApiMethod.java:54)
	at org.telegram.telegrambots.meta.api.methods.PartialBotApiMethod.deserializeResponseArray(PartialBotApiMethod.java:39)
	at org.telegram.telegrambots.meta.api.methods.updates.GetUpdates.deserializeResponse(GetUpdates.java:86)
	at org.telegram.telegrambots.updatesreceivers.DefaultBotSession$ReaderThread.getUpdatesFromServer(DefaultBotSession.java:258)
	at org.telegram.telegrambots.updatesreceivers.DefaultBotSession$ReaderThread.run(DefaultBotSession.java:188)
2026-05-11 17:59:51.709 ERROR [BestMovie4you_bot Telegram Connection] o.t.t.u.DefaultBotSession - Error executing org.telegram.telegrambots.meta.api.methods.updates.GetUpdates query: [409] Conflict: terminated by other getUpdates request; make sure that only one bot instance is running
Error executing org.telegram.telegrambots.meta.api.methods.updates.GetUpdates query: [409] Conflict: terminated by other getUpdates request; make sure that only one bot instance is running
	at org.telegram.telegrambots.meta.api.methods.PartialBotApiMethod.deserializeResponseInternal(PartialBotApiMethod.java:54)
	at org.telegram.telegrambots.meta.api.methods.PartialBotApiMethod.deserializeResponseArray(PartialBotApiMethod.java:39)
	at org.telegram.telegrambots.meta.api.methods.updates.GetUpdates.deserializeResponse(GetUpdates.java:86)
	at org.telegram.telegrambots.updatesreceivers.DefaultBotSession$ReaderThread.getUpdatesFromServer(DefaultBotSession.java:258)
	at org.telegram.telegrambots.updatesreceivers.DefaultBotSession$ReaderThread.run(DefaultBotSession.java:188)
2026-05-11 17:59:55.279 ERROR [BestMovie4you_bot Telegram Connection] o.t.t.u.DefaultBotSession - Error executing org.telegram.telegrambots.meta.api.methods.updates.GetUpdates query: [409] Conflict: terminated by other getUpdates request; make sure that only one bot instance is running
Error executing org.telegram.telegrambots.meta.api.methods.updates.GetUpdates query: [409] Conflict: terminated by other getUpdates request; make sure that only one bot instance is running
	at org.telegram.telegrambots.meta.api.methods.PartialBotApiMethod.deserializeResponseInternal(PartialBotApiMethod.java:54)
	at org.telegram.telegrambots.meta.api.methods.PartialBotApiMethod.deserializeResponseArray(PartialBotApiMethod.java:39)
	at org.telegram.telegrambots.meta.api.methods.updates.GetUpdates.deserializeResponse(GetUpdates.java:86)
	at org.telegram.telegrambots.updatesreceivers.DefaultBotSession$ReaderThread.getUpdatesFromServer(DefaultBotSession.java:258)
	at org.telegram.telegrambots.updatesreceivers.DefaultBotSession$ReaderThread.run(DefaultBotSession.java:188)
2026-05-11 17:59:55.853 ERROR [BestMovie4you_bot Telegram Connection] o.t.t.u.DefaultBotSession - Error executing org.telegram.telegrambots.meta.api.methods.updates.GetUpdates query: [409] Conflict: terminated by other getUpdates request; make sure that only one bot instance is running
Error executing org.telegram.telegrambots.meta.api.methods.updates.GetUpdates query: [409] Conflict: terminated by other getUpdates request; make sure that only one bot instance is running
	at org.telegram.telegrambots.meta.api.methods.PartialBotApiMethod.deserializeResponseInternal(PartialBotApiMethod.java:54)
	at org.telegram.telegrambots.meta.api.methods.PartialBotApiMethod.deserializeResponseArray(PartialBotApiMethod.java:39)
	at org.telegram.telegrambots.meta.api.methods.updates.GetUpdates.deserializeResponse(GetUpdates.java:86)
	at org.telegram.telegrambots.updatesreceivers.DefaultBotSession$ReaderThread.getUpdatesFromServer(DefaultBotSession.java:258)
	at org.telegram.telegrambots.updatesreceivers.DefaultBotSession$ReaderThread.run(DefaultBotSession.java:188)
2026-05-11 17:59:59.417 ERROR [BestMovie4you_bot Telegram Connection] o.t.t.u.DefaultBotSession - Error executing org.telegram.telegrambots.meta.api.methods.updates.GetUpdates query: [409] Conflict: terminated by other getUpdates request; make sure that only one bot instance is running
Error executing org.telegram.telegrambots.meta.api.methods.updates.GetUpdates query: [409] Conflict: terminated by other getUpdates request; make sure that only one bot instance is running
	at org.telegram.telegrambots.meta.api.methods.PartialBotApiMethod.deserializeResponseInternal(PartialBotApiMethod.java:54)
	at org.telegram.telegrambots.meta.api.methods.PartialBotApiMethod.deserializeResponseArray(PartialBotApiMethod.java:39)
	at org.telegram.telegrambots.meta.api.methods.updates.GetUpdates.deserializeResponse(GetUpdates.java:86)
	at org.telegram.telegrambots.updatesreceivers.DefaultBotSession$ReaderThread.getUpdatesFromServer(DefaultBotSession.java:258)
	at org.telegram.telegrambots.updatesreceivers.DefaultBotSession$ReaderThread.run(DefaultBotSession.java:188)
2026-05-11 17:59:59.978 ERROR [BestMovie4you_bot Telegram Connection] o.t.t.u.DefaultBotSession - Error executing org.telegram.telegrambots.meta.api.methods.updates.GetUpdates query: [409] Conflict: terminated by other getUpdates request; make sure that only one bot instance is running
Error executing org.telegram.telegrambots.meta.api.methods.updates.GetUpdates query: [409] Conflict: terminated by other getUpdates request; make sure that only one bot instance is running
	at org.telegram.telegrambots.meta.api.methods.PartialBotApiMethod.deserializeResponseInternal(PartialBotApiMethod.java:54)
	at org.telegram.telegrambots.meta.api.methods.PartialBotApiMethod.deserializeResponseArray(PartialBotApiMethod.java:39)
	at org.telegram.telegrambots.meta.api.methods.updates.GetUpdates.deserializeResponse(GetUpdates.java:86)
	at org.telegram.telegrambots.updatesreceivers.DefaultBotSession$ReaderThread.getUpdatesFromServer(DefaultBotSession.java:258)
	at org.telegram.telegrambots.updatesreceivers.DefaultBotSession$ReaderThread.run(DefaultBotSession.java:188)
2026-05-11 18:00:02.472 DEBUG [BestMovie4you_bot Telegram Executor] o.s.orm.jpa.JpaTransactionManager - Creating new transaction with name [com.example.moviebot.service.FilmsService.getWatchedFilms]: PROPAGATION_REQUIRED,ISOLATION_DEFAULT
2026-05-11 18:00:02.473 DEBUG [BestMovie4you_bot Telegram Executor] o.s.orm.jpa.JpaTransactionManager - Opened new EntityManager [SessionImpl(1750678111<open>)] for JPA transaction
2026-05-11 18:00:02.473 DEBUG [BestMovie4you_bot Telegram Executor] o.s.orm.jpa.JpaTransactionManager - Exposing JPA transaction as JDBC [org.springframework.orm.jpa.vendor.HibernateJpaDialect$HibernateConnectionHandle@3c0725a0]
2026-05-11 18:00:02.474 DEBUG [BestMovie4you_bot Telegram Executor] o.s.orm.jpa.JpaTransactionManager - Initiating transaction commit
2026-05-11 18:00:02.474 DEBUG [BestMovie4you_bot Telegram Executor] o.s.orm.jpa.JpaTransactionManager - Committing JPA transaction on EntityManager [SessionImpl(1750678111<open>)]
2026-05-11 18:00:02.474 DEBUG [BestMovie4you_bot Telegram Executor] o.s.orm.jpa.JpaTransactionManager - Closing JPA EntityManager [SessionImpl(1750678111<open>)] after transaction
2026-05-11 18:00:03.533 ERROR [BestMovie4you_bot Telegram Connection] o.t.t.u.DefaultBotSession - Error executing org.telegram.telegrambots.meta.api.methods.updates.GetUpdates query: [409] Conflict: terminated by other getUpdates request; make sure that only one bot instance is running
Error executing org.telegram.telegrambots.meta.api.methods.updates.GetUpdates query: [409] Conflict: terminated by other getUpdates request; make sure that only one bot instance is running
	at org.telegram.telegrambots.meta.api.methods.PartialBotApiMethod.deserializeResponseInternal(PartialBotApiMethod.java:54)
	at org.telegram.telegrambots.meta.api.methods.PartialBotApiMethod.deserializeResponseArray(PartialBotApiMethod.java:39)
	at org.telegram.telegrambots.meta.api.methods.updates.GetUpdates.deserializeResponse(GetUpdates.java:86)
	at org.telegram.telegrambots.updatesreceivers.DefaultBotSession$ReaderThread.getUpdatesFromServer(DefaultBotSession.java:258)
	at org.telegram.telegrambots.updatesreceivers.DefaultBotSession$ReaderThread.run(DefaultBotSession.java:188)
2026-05-11 18:00:04.084 ERROR [BestMovie4you_bot Telegram Connection] o.t.t.u.DefaultBotSession - Error executing org.telegram.telegrambots.meta.api.methods.updates.GetUpdates query: [409] Conflict: terminated by other getUpdates request; make sure that only one bot instance is running
Error executing org.telegram.telegrambots.meta.api.methods.updates.GetUpdates query: [409] Conflict: terminated by other getUpdates request; make sure that only one bot instance is running
	at org.telegram.telegrambots.meta.api.methods.PartialBotApiMethod.deserializeResponseInternal(PartialBotApiMethod.java:54)
	at org.telegram.telegrambots.meta.api.methods.PartialBotApiMethod.deserializeResponseArray(PartialBotApiMethod.java:39)
	at org.telegram.telegrambots.meta.api.methods.updates.GetUpdates.deserializeResponse(GetUpdates.java:86)
	at org.telegram.telegrambots.updatesreceivers.DefaultBotSession$ReaderThread.getUpdatesFromServer(DefaultBotSession.java:258)
	at org.telegram.telegrambots.updatesreceivers.DefaultBotSession$ReaderThread.run(DefaultBotSession.java:188)
2026-05-11 18:00:07.651 ERROR [BestMovie4you_bot Telegram Connection] o.t.t.u.DefaultBotSession - Error executing org.telegram.telegrambots.meta.api.methods.updates.GetUpdates query: [409] Conflict: terminated by other getUpdates request; make sure that only one bot instance is running
Error executing org.telegram.telegrambots.meta.api.methods.updates.GetUpdates query: [409] Conflict: terminated by other getUpdates request; make sure that only one bot instance is running
	at org.telegram.telegrambots.meta.api.methods.PartialBotApiMethod.deserializeResponseInternal(PartialBotApiMethod.java:54)
	at org.telegram.telegrambots.meta.api.methods.PartialBotApiMethod.deserializeResponseArray(PartialBotApiMethod.java:39)
	at org.telegram.telegrambots.meta.api.methods.updates.GetUpdates.deserializeResponse(GetUpdates.java:86)
	at org.telegram.telegrambots.updatesreceivers.DefaultBotSession$ReaderThread.getUpdatesFromServer(DefaultBotSession.java:258)
	at org.telegram.telegrambots.updatesreceivers.DefaultBotSession$ReaderThread.run(DefaultBotSession.java:188)
2026-05-11 18:00:08.202 ERROR [BestMovie4you_bot Telegram Connection] o.t.t.u.DefaultBotSession - Error executing org.telegram.telegrambots.meta.api.methods.updates.GetUpdates query: [409] Conflict: terminated by other getUpdates request; make sure that only one bot instance is running
Error executing org.telegram.telegrambots.meta.api.methods.updates.GetUpdates query: [409] Conflict: terminated by other getUpdates request; make sure that only one bot instance is running
	at org.telegram.telegrambots.meta.api.methods.PartialBotApiMethod.deserializeResponseInternal(PartialBotApiMethod.java:54)
	at org.telegram.telegrambots.meta.api.methods.PartialBotApiMethod.deserializeResponseArray(PartialBotApiMethod.java:39)
	at org.telegram.telegrambots.meta.api.methods.updates.GetUpdates.deserializeResponse(GetUpdates.java:86)
	at org.telegram.telegrambots.updatesreceivers.DefaultBotSession$ReaderThread.getUpdatesFromServer(DefaultBotSession.java:258)
	at org.telegram.telegrambots.updatesreceivers.DefaultBotSession$ReaderThread.run(DefaultBotSession.java:188)
2026-05-11 18:00:08.856 INFO  [SpringApplicationShutdownHook] o.s.b.w.e.tomcat.GracefulShutdown - Commencing graceful shutdown. Waiting for active requests to complete
2026-05-11 18:00:08.860 INFO  [tomcat-shutdown] o.s.b.w.e.tomcat.GracefulShutdown - Graceful shutdown complete
2026-05-11 18:00:08.862 INFO  [SpringApplicationShutdownHook] o.s.o.j.LocalContainerEntityManagerFactoryBean - Closing JPA EntityManagerFactory for persistence unit 'default'
2026-05-11 18:00:08.863 INFO  [SpringApplicationShutdownHook] com.zaxxer.hikari.HikariDataSource - HikariPool-1 - Shutdown initiated...
2026-05-11 18:00:08.864 INFO  [SpringApplicationShutdownHook] com.zaxxer.hikari.HikariDataSource - HikariPool-1 - Shutdown completed.
2026-05-11 18:00:25.348 INFO  [main] com.example.moviebot.Application - Starting Application using Java 21.0.10 with PID 9512 (D:\Movie-bot88\target\classes started by sokol in D:\Movie-bot88)
2026-05-11 18:00:25.349 INFO  [main] com.example.moviebot.Application - No active profile set, falling back to 1 default profile: "default"
2026-05-11 18:00:25.810 INFO  [main] o.s.d.r.c.RepositoryConfigurationDelegate - Bootstrapping Spring Data JPA repositories in DEFAULT mode.
2026-05-11 18:00:25.849 INFO  [main] o.s.d.r.c.RepositoryConfigurationDelegate - Finished Spring Data repository scanning in 34 ms. Found 2 JPA repository interfaces.
2026-05-11 18:00:26.119 INFO  [main] o.s.b.w.e.tomcat.TomcatWebServer - Tomcat initialized with port 8080 (http)
2026-05-11 18:00:26.125 INFO  [main] o.a.coyote.http11.Http11NioProtocol - Initializing ProtocolHandler ["http-nio-8080"]
2026-05-11 18:00:26.126 INFO  [main] o.a.catalina.core.StandardService - Starting service [Tomcat]
2026-05-11 18:00:26.126 INFO  [main] o.a.catalina.core.StandardEngine - Starting Servlet engine: [Apache Tomcat/10.1.53]
2026-05-11 18:00:26.166 INFO  [main] o.a.c.c.C.[Tomcat].[localhost].[/] - Initializing Spring embedded WebApplicationContext
2026-05-11 18:00:26.166 INFO  [main] o.s.b.w.s.c.ServletWebServerApplicationContext - Root WebApplicationContext: initialization completed in 790 ms
2026-05-11 18:00:26.266 DEBUG [main] o.s.o.j.LocalContainerEntityManagerFactoryBean - Building JPA container EntityManagerFactory for persistence unit 'default'
2026-05-11 18:00:26.285 INFO  [main] o.h.jpa.internal.util.LogHelper - HHH000204: Processing PersistenceUnitInfo [name: default]
2026-05-11 18:00:26.330 INFO  [main] org.hibernate.Version - HHH000412: Hibernate ORM core version 6.6.45.Final
2026-05-11 18:00:26.360 INFO  [main] o.h.c.i.RegionFactoryInitiator - HHH000026: Second-level cache disabled
2026-05-11 18:00:26.585 INFO  [main] o.s.o.j.p.SpringPersistenceUnitInfo - No LoadTimeWeaver setup: ignoring JPA class transformer
2026-05-11 18:00:26.606 INFO  [main] com.zaxxer.hikari.HikariDataSource - HikariPool-1 - Starting...
2026-05-11 18:00:26.771 INFO  [main] com.zaxxer.hikari.pool.HikariPool - HikariPool-1 - Added connection org.sqlite.jdbc4.JDBC4Connection@636fccb0
2026-05-11 18:00:26.772 INFO  [main] com.zaxxer.hikari.HikariDataSource - HikariPool-1 - Start completed.
2026-05-11 18:00:26.795 INFO  [main] o.hibernate.orm.connections.pooling - HHH10001005: Database info:
	Database JDBC URL [Connecting through datasource 'HikariDataSource (HikariPool-1)']
	Database driver: undefined/unknown
	Database version: 3.49.1
	Autocommit mode: undefined/unknown
	Isolation level: undefined/unknown
	Minimum pool size: undefined/unknown
	Maximum pool size: undefined/unknown
2026-05-11 18:00:27.253 INFO  [main] o.h.e.t.j.p.i.JtaPlatformInitiator - HHH000489: No JTA platform available (set 'hibernate.transaction.jta.platform' to enable JTA platform integration)
2026-05-11 18:00:27.274 INFO  [main] o.s.o.j.LocalContainerEntityManagerFactoryBean - Initialized JPA EntityManagerFactory for persistence unit 'default'
2026-05-11 18:00:27.436 INFO  [main] o.s.d.j.r.query.QueryEnhancerFactory - Hibernate is in classpath; If applicable, HQL parser will be used.
2026-05-11 18:00:28.367 WARN  [main] o.s.b.a.o.j.JpaBaseConfiguration$JpaWebConfiguration - spring.jpa.open-in-view is enabled by default. Therefore, database queries may be performed during view rendering. Explicitly configure spring.jpa.open-in-view to disable this warning
2026-05-11 18:00:28.395 INFO  [main] o.s.v.b.OptionalValidatorFactoryBean - Failed to set up a Bean Validation provider: jakarta.validation.NoProviderFoundException: Unable to create a Configuration, because no Jakarta Bean Validation provider could be found. Add a provider like Hibernate Validator (RI) to your classpath.
2026-05-11 18:00:28.632 INFO  [main] o.a.coyote.http11.Http11NioProtocol - Starting ProtocolHandler ["http-nio-8080"]
2026-05-11 18:00:28.640 INFO  [main] o.s.b.w.e.tomcat.TomcatWebServer - Tomcat started on port 8080 (http) with context path '/'
2026-05-11 18:00:28.645 INFO  [main] com.example.moviebot.Application - Started Application in 3.544 seconds (process running for 4.061)
2026-05-11 18:00:31.465 ERROR [BestMovie4you_bot Telegram Connection] o.t.t.u.DefaultBotSession - Error executing org.telegram.telegrambots.meta.api.methods.updates.GetUpdates query: [409] Conflict: terminated by other getUpdates request; make sure that only one bot instance is running
Error executing org.telegram.telegrambots.meta.api.methods.updates.GetUpdates query: [409] Conflict: terminated by other getUpdates request; make sure that only one bot instance is running
	at org.telegram.telegrambots.meta.api.methods.PartialBotApiMethod.deserializeResponseInternal(PartialBotApiMethod.java:54)
	at org.telegram.telegrambots.meta.api.methods.PartialBotApiMethod.deserializeResponseArray(PartialBotApiMethod.java:39)
	at org.telegram.telegrambots.meta.api.methods.updates.GetUpdates.deserializeResponse(GetUpdates.java:86)
	at org.telegram.telegrambots.updatesreceivers.DefaultBotSession$ReaderThread.getUpdatesFromServer(DefaultBotSession.java:258)
	at org.telegram.telegrambots.updatesreceivers.DefaultBotSession$ReaderThread.run(DefaultBotSession.java:188)
2026-05-11 18:00:31.983 DEBUG [BestMovie4you_bot Telegram Executor] o.s.o.j.SharedEntityManagerCreator$SharedEntityManagerInvocationHandler - Creating new EntityManager for shared EntityManager invocation
2026-05-11 18:00:32.022 DEBUG [BestMovie4you_bot Telegram Executor] o.s.o.j.SharedEntityManagerCreator$SharedEntityManagerInvocationHandler - Creating new EntityManager for shared EntityManager invocation
2026-05-11 18:00:32.067 ERROR [BestMovie4you_bot Telegram Connection] o.t.t.u.DefaultBotSession - Error executing org.telegram.telegrambots.meta.api.methods.updates.GetUpdates query: [409] Conflict: terminated by other getUpdates request; make sure that only one bot instance is running
Error executing org.telegram.telegrambots.meta.api.methods.updates.GetUpdates query: [409] Conflict: terminated by other getUpdates request; make sure that only one bot instance is running
	at org.telegram.telegrambots.meta.api.methods.PartialBotApiMethod.deserializeResponseInternal(PartialBotApiMethod.java:54)
	at org.telegram.telegrambots.meta.api.methods.PartialBotApiMethod.deserializeResponseArray(PartialBotApiMethod.java:39)
	at org.telegram.telegrambots.meta.api.methods.updates.GetUpdates.deserializeResponse(GetUpdates.java:86)
	at org.telegram.telegrambots.updatesreceivers.DefaultBotSession$ReaderThread.getUpdatesFromServer(DefaultBotSession.java:258)
	at org.telegram.telegrambots.updatesreceivers.DefaultBotSession$ReaderThread.run(DefaultBotSession.java:188)
2026-05-11 18:00:35.628 ERROR [BestMovie4you_bot Telegram Connection] o.t.t.u.DefaultBotSession - Error executing org.telegram.telegrambots.meta.api.methods.updates.GetUpdates query: [409] Conflict: terminated by other getUpdates request; make sure that only one bot instance is running
Error executing org.telegram.telegrambots.meta.api.methods.updates.GetUpdates query: [409] Conflict: terminated by other getUpdates request; make sure that only one bot instance is running
	at org.telegram.telegrambots.meta.api.methods.PartialBotApiMethod.deserializeResponseInternal(PartialBotApiMethod.java:54)
	at org.telegram.telegrambots.meta.api.methods.PartialBotApiMethod.deserializeResponseArray(PartialBotApiMethod.java:39)
	at org.telegram.telegrambots.meta.api.methods.updates.GetUpdates.deserializeResponse(GetUpdates.java:86)
	at org.telegram.telegrambots.updatesreceivers.DefaultBotSession$ReaderThread.getUpdatesFromServer(DefaultBotSession.java:258)
	at org.telegram.telegrambots.updatesreceivers.DefaultBotSession$ReaderThread.run(DefaultBotSession.java:188)
2026-05-11 18:00:36.180 ERROR [BestMovie4you_bot Telegram Connection] o.t.t.u.DefaultBotSession - Error executing org.telegram.telegrambots.meta.api.methods.updates.GetUpdates query: [409] Conflict: terminated by other getUpdates request; make sure that only one bot instance is running
Error executing org.telegram.telegrambots.meta.api.methods.updates.GetUpdates query: [409] Conflict: terminated by other getUpdates request; make sure that only one bot instance is running
	at org.telegram.telegrambots.meta.api.methods.PartialBotApiMethod.deserializeResponseInternal(PartialBotApiMethod.java:54)
	at org.telegram.telegrambots.meta.api.methods.PartialBotApiMethod.deserializeResponseArray(PartialBotApiMethod.java:39)
	at org.telegram.telegrambots.meta.api.methods.updates.GetUpdates.deserializeResponse(GetUpdates.java:86)
	at org.telegram.telegrambots.updatesreceivers.DefaultBotSession$ReaderThread.getUpdatesFromServer(DefaultBotSession.java:258)
	at org.telegram.telegrambots.updatesreceivers.DefaultBotSession$ReaderThread.run(DefaultBotSession.java:188)
2026-05-11 18:00:38.133 INFO  [SpringApplicationShutdownHook] o.s.b.w.e.tomcat.GracefulShutdown - Commencing graceful shutdown. Waiting for active requests to complete
2026-05-11 18:00:38.136 INFO  [tomcat-shutdown] o.s.b.w.e.tomcat.GracefulShutdown - Graceful shutdown complete
2026-05-11 18:00:38.139 INFO  [SpringApplicationShutdownHook] o.s.o.j.LocalContainerEntityManagerFactoryBean - Closing JPA EntityManagerFactory for persistence unit 'default'
2026-05-11 18:00:38.141 INFO  [SpringApplicationShutdownHook] com.zaxxer.hikari.HikariDataSource - HikariPool-1 - Shutdown initiated...
2026-05-11 18:00:38.142 INFO  [SpringApplicationShutdownHook] com.zaxxer.hikari.HikariDataSource - HikariPool-1 - Shutdown completed.
2026-05-11 18:00:47.488 INFO  [main] com.example.moviebot.Application - Starting Application using Java 21.0.10 with PID 18680 (D:\Movie-bot88\target\classes started by sokol in D:\Movie-bot88)
2026-05-11 18:00:47.490 INFO  [main] com.example.moviebot.Application - No active profile set, falling back to 1 default profile: "default"
2026-05-11 18:00:47.939 INFO  [main] o.s.d.r.c.RepositoryConfigurationDelegate - Bootstrapping Spring Data JPA repositories in DEFAULT mode.
2026-05-11 18:00:47.979 INFO  [main] o.s.d.r.c.RepositoryConfigurationDelegate - Finished Spring Data repository scanning in 33 ms. Found 2 JPA repository interfaces.
2026-05-11 18:00:48.290 INFO  [main] o.s.b.w.e.tomcat.TomcatWebServer - Tomcat initialized with port 8080 (http)
2026-05-11 18:00:48.298 INFO  [main] o.a.coyote.http11.Http11NioProtocol - Initializing ProtocolHandler ["http-nio-8080"]
2026-05-11 18:00:48.298 INFO  [main] o.a.catalina.core.StandardService - Starting service [Tomcat]
2026-05-11 18:00:48.298 INFO  [main] o.a.catalina.core.StandardEngine - Starting Servlet engine: [Apache Tomcat/10.1.53]
2026-05-11 18:00:48.336 INFO  [main] o.a.c.c.C.[Tomcat].[localhost].[/] - Initializing Spring embedded WebApplicationContext
2026-05-11 18:00:48.336 INFO  [main] o.s.b.w.s.c.ServletWebServerApplicationContext - Root WebApplicationContext: initialization completed in 817 ms
2026-05-11 18:00:48.440 INFO  [main] o.h.jpa.internal.util.LogHelper - HHH000204: Processing PersistenceUnitInfo [name: default]
2026-05-11 18:00:48.478 INFO  [main] org.hibernate.Version - HHH000412: Hibernate ORM core version 6.6.45.Final
2026-05-11 18:00:48.499 INFO  [main] o.h.c.i.RegionFactoryInitiator - HHH000026: Second-level cache disabled
2026-05-11 18:00:48.664 INFO  [main] o.s.o.j.p.SpringPersistenceUnitInfo - No LoadTimeWeaver setup: ignoring JPA class transformer
2026-05-11 18:00:48.683 INFO  [main] com.zaxxer.hikari.HikariDataSource - HikariPool-1 - Starting...
2026-05-11 18:00:48.838 INFO  [main] com.zaxxer.hikari.pool.HikariPool - HikariPool-1 - Added connection org.sqlite.jdbc4.JDBC4Connection@28519bfb
2026-05-11 18:00:48.839 INFO  [main] com.zaxxer.hikari.HikariDataSource - HikariPool-1 - Start completed.
2026-05-11 18:00:48.861 INFO  [main] o.hibernate.orm.connections.pooling - HHH10001005: Database info:
	Database JDBC URL [Connecting through datasource 'HikariDataSource (HikariPool-1)']
	Database driver: undefined/unknown
	Database version: 3.49.1
	Autocommit mode: undefined/unknown
	Isolation level: undefined/unknown
	Minimum pool size: undefined/unknown
	Maximum pool size: undefined/unknown
2026-05-11 18:00:49.323 INFO  [main] o.h.e.t.j.p.i.JtaPlatformInitiator - HHH000489: No JTA platform available (set 'hibernate.transaction.jta.platform' to enable JTA platform integration)
2026-05-11 18:00:49.345 INFO  [main] o.s.o.j.LocalContainerEntityManagerFactoryBean - Initialized JPA EntityManagerFactory for persistence unit 'default'
2026-05-11 18:00:49.498 INFO  [main] o.s.d.j.r.query.QueryEnhancerFactory - Hibernate is in classpath; If applicable, HQL parser will be used.
2026-05-11 18:00:50.322 WARN  [main] o.s.b.a.o.j.JpaBaseConfiguration$JpaWebConfiguration - spring.jpa.open-in-view is enabled by default. Therefore, database queries may be performed during view rendering. Explicitly configure spring.jpa.open-in-view to disable this warning
2026-05-11 18:00:50.349 INFO  [main] o.s.v.b.OptionalValidatorFactoryBean - Failed to set up a Bean Validation provider: jakarta.validation.NoProviderFoundException: Unable to create a Configuration, because no Jakarta Bean Validation provider could be found. Add a provider like Hibernate Validator (RI) to your classpath.
2026-05-11 18:00:50.600 INFO  [main] o.a.coyote.http11.Http11NioProtocol - Starting ProtocolHandler ["http-nio-8080"]
2026-05-11 18:00:50.609 INFO  [main] o.s.b.w.e.tomcat.TomcatWebServer - Tomcat started on port 8080 (http) with context path '/'
2026-05-11 18:00:50.613 INFO  [main] com.example.moviebot.Application - Started Application in 3.372 seconds (process running for 3.904)
2026-05-11 18:00:53.410 ERROR [BestMovie4you_bot Telegram Connection] o.t.t.u.DefaultBotSession - Error executing org.telegram.telegrambots.meta.api.methods.updates.GetUpdates query: [409] Conflict: terminated by other getUpdates request; make sure that only one bot instance is running
Error executing org.telegram.telegrambots.meta.api.methods.updates.GetUpdates query: [409] Conflict: terminated by other getUpdates request; make sure that only one bot instance is running
	at org.telegram.telegrambots.meta.api.methods.PartialBotApiMethod.deserializeResponseInternal(PartialBotApiMethod.java:54)
	at org.telegram.telegrambots.meta.api.methods.PartialBotApiMethod.deserializeResponseArray(PartialBotApiMethod.java:39)
	at org.telegram.telegrambots.meta.api.methods.updates.GetUpdates.deserializeResponse(GetUpdates.java:86)
	at org.telegram.telegrambots.updatesreceivers.DefaultBotSession$ReaderThread.getUpdatesFromServer(DefaultBotSession.java:258)
	at org.telegram.telegrambots.updatesreceivers.DefaultBotSession$ReaderThread.run(DefaultBotSession.java:188)
2026-05-11 18:00:54.016 ERROR [BestMovie4you_bot Telegram Connection] o.t.t.u.DefaultBotSession - Error executing org.telegram.telegrambots.meta.api.methods.updates.GetUpdates query: [409] Conflict: terminated by other getUpdates request; make sure that only one bot instance is running
Error executing org.telegram.telegrambots.meta.api.methods.updates.GetUpdates query: [409] Conflict: terminated by other getUpdates request; make sure that only one bot instance is running
	at org.telegram.telegrambots.meta.api.methods.PartialBotApiMethod.deserializeResponseInternal(PartialBotApiMethod.java:54)
	at org.telegram.telegrambots.meta.api.methods.PartialBotApiMethod.deserializeResponseArray(PartialBotApiMethod.java:39)
	at org.telegram.telegrambots.meta.api.methods.updates.GetUpdates.deserializeResponse(GetUpdates.java:86)
	at org.telegram.telegrambots.updatesreceivers.DefaultBotSession$ReaderThread.getUpdatesFromServer(DefaultBotSession.java:258)
	at org.telegram.telegrambots.updatesreceivers.DefaultBotSession$ReaderThread.run(DefaultBotSession.java:188)
2026-05-11 18:00:57.570 ERROR [BestMovie4you_bot Telegram Connection] o.t.t.u.DefaultBotSession - Error executing org.telegram.telegrambots.meta.api.methods.updates.GetUpdates query: [409] Conflict: terminated by other getUpdates request; make sure that only one bot instance is running
Error executing org.telegram.telegrambots.meta.api.methods.updates.GetUpdates query: [409] Conflict: terminated by other getUpdates request; make sure that only one bot instance is running
	at org.telegram.telegrambots.meta.api.methods.PartialBotApiMethod.deserializeResponseInternal(PartialBotApiMethod.java:54)
	at org.telegram.telegrambots.meta.api.methods.PartialBotApiMethod.deserializeResponseArray(PartialBotApiMethod.java:39)
	at org.telegram.telegrambots.meta.api.methods.updates.GetUpdates.deserializeResponse(GetUpdates.java:86)
	at org.telegram.telegrambots.updatesreceivers.DefaultBotSession$ReaderThread.getUpdatesFromServer(DefaultBotSession.java:258)
	at org.telegram.telegrambots.updatesreceivers.DefaultBotSession$ReaderThread.run(DefaultBotSession.java:188)
2026-05-11 18:00:58.132 ERROR [BestMovie4you_bot Telegram Connection] o.t.t.u.DefaultBotSession - Error executing org.telegram.telegrambots.meta.api.methods.updates.GetUpdates query: [409] Conflict: terminated by other getUpdates request; make sure that only one bot instance is running
Error executing org.telegram.telegrambots.meta.api.methods.updates.GetUpdates query: [409] Conflict: terminated by other getUpdates request; make sure that only one bot instance is running
	at org.telegram.telegrambots.meta.api.methods.PartialBotApiMethod.deserializeResponseInternal(PartialBotApiMethod.java:54)
	at org.telegram.telegrambots.meta.api.methods.PartialBotApiMethod.deserializeResponseArray(PartialBotApiMethod.java:39)
	at org.telegram.telegrambots.meta.api.methods.updates.GetUpdates.deserializeResponse(GetUpdates.java:86)
	at org.telegram.telegrambots.updatesreceivers.DefaultBotSession$ReaderThread.getUpdatesFromServer(DefaultBotSession.java:258)
	at org.telegram.telegrambots.updatesreceivers.DefaultBotSession$ReaderThread.run(DefaultBotSession.java:188)
2026-05-11 18:01:01.723 ERROR [BestMovie4you_bot Telegram Connection] o.t.t.u.DefaultBotSession - Error executing org.telegram.telegrambots.meta.api.methods.updates.GetUpdates query: [409] Conflict: terminated by other getUpdates request; make sure that only one bot instance is running
Error executing org.telegram.telegrambots.meta.api.methods.updates.GetUpdates query: [409] Conflict: terminated by other getUpdates request; make sure that only one bot instance is running
	at org.telegram.telegrambots.meta.api.methods.PartialBotApiMethod.deserializeResponseInternal(PartialBotApiMethod.java:54)
	at org.telegram.telegrambots.meta.api.methods.PartialBotApiMethod.deserializeResponseArray(PartialBotApiMethod.java:39)
	at org.telegram.telegrambots.meta.api.methods.updates.GetUpdates.deserializeResponse(GetUpdates.java:86)
	at org.telegram.telegrambots.updatesreceivers.DefaultBotSession$ReaderThread.getUpdatesFromServer(DefaultBotSession.java:258)
	at org.telegram.telegrambots.updatesreceivers.DefaultBotSession$ReaderThread.run(DefaultBotSession.java:188)
2026-05-11 18:01:02.282 ERROR [BestMovie4you_bot Telegram Connection] o.t.t.u.DefaultBotSession - Error executing org.telegram.telegrambots.meta.api.methods.updates.GetUpdates query: [409] Conflict: terminated by other getUpdates request; make sure that only one bot instance is running
Error executing org.telegram.telegrambots.meta.api.methods.updates.GetUpdates query: [409] Conflict: terminated by other getUpdates request; make sure that only one bot instance is running
	at org.telegram.telegrambots.meta.api.methods.PartialBotApiMethod.deserializeResponseInternal(PartialBotApiMethod.java:54)
	at org.telegram.telegrambots.meta.api.methods.PartialBotApiMethod.deserializeResponseArray(PartialBotApiMethod.java:39)
	at org.telegram.telegrambots.meta.api.methods.updates.GetUpdates.deserializeResponse(GetUpdates.java:86)
	at org.telegram.telegrambots.updatesreceivers.DefaultBotSession$ReaderThread.getUpdatesFromServer(DefaultBotSession.java:258)
	at org.telegram.telegrambots.updatesreceivers.DefaultBotSession$ReaderThread.run(DefaultBotSession.java:188)
2026-05-11 18:01:05.859 ERROR [BestMovie4you_bot Telegram Connection] o.t.t.u.DefaultBotSession - Error executing org.telegram.telegrambots.meta.api.methods.updates.GetUpdates query: [409] Conflict: terminated by other getUpdates request; make sure that only one bot instance is running
Error executing org.telegram.telegrambots.meta.api.methods.updates.GetUpdates query: [409] Conflict: terminated by other getUpdates request; make sure that only one bot instance is running
	at org.telegram.telegrambots.meta.api.methods.PartialBotApiMethod.deserializeResponseInternal(PartialBotApiMethod.java:54)
	at org.telegram.telegrambots.meta.api.methods.PartialBotApiMethod.deserializeResponseArray(PartialBotApiMethod.java:39)
	at org.telegram.telegrambots.meta.api.methods.updates.GetUpdates.deserializeResponse(GetUpdates.java:86)
	at org.telegram.telegrambots.updatesreceivers.DefaultBotSession$ReaderThread.getUpdatesFromServer(DefaultBotSession.java:258)
	at org.telegram.telegrambots.updatesreceivers.DefaultBotSession$ReaderThread.run(DefaultBotSession.java:188)
2026-05-11 18:01:06.615 ERROR [BestMovie4you_bot Telegram Connection] o.t.t.u.DefaultBotSession - Error executing org.telegram.telegrambots.meta.api.methods.updates.GetUpdates query: [409] Conflict: terminated by other getUpdates request; make sure that only one bot instance is running
Error executing org.telegram.telegrambots.meta.api.methods.updates.GetUpdates query: [409] Conflict: terminated by other getUpdates request; make sure that only one bot instance is running
	at org.telegram.telegrambots.meta.api.methods.PartialBotApiMethod.deserializeResponseInternal(PartialBotApiMethod.java:54)
	at org.telegram.telegrambots.meta.api.methods.PartialBotApiMethod.deserializeResponseArray(PartialBotApiMethod.java:39)
	at org.telegram.telegrambots.meta.api.methods.updates.GetUpdates.deserializeResponse(GetUpdates.java:86)
	at org.telegram.telegrambots.updatesreceivers.DefaultBotSession$ReaderThread.getUpdatesFromServer(DefaultBotSession.java:258)
	at org.telegram.telegrambots.updatesreceivers.DefaultBotSession$ReaderThread.run(DefaultBotSession.java:188)
2026-05-11 18:01:10.198 ERROR [BestMovie4you_bot Telegram Connection] o.t.t.u.DefaultBotSession - Error executing org.telegram.telegrambots.meta.api.methods.updates.GetUpdates query: [409] Conflict: terminated by other getUpdates request; make sure that only one bot instance is running
Error executing org.telegram.telegrambots.meta.api.methods.updates.GetUpdates query: [409] Conflict: terminated by other getUpdates request; make sure that only one bot instance is running
	at org.telegram.telegrambots.meta.api.methods.PartialBotApiMethod.deserializeResponseInternal(PartialBotApiMethod.java:54)
	at org.telegram.telegrambots.meta.api.methods.PartialBotApiMethod.deserializeResponseArray(PartialBotApiMethod.java:39)
	at org.telegram.telegrambots.meta.api.methods.updates.GetUpdates.deserializeResponse(GetUpdates.java:86)
	at org.telegram.telegrambots.updatesreceivers.DefaultBotSession$ReaderThread.getUpdatesFromServer(DefaultBotSession.java:258)
	at org.telegram.telegrambots.updatesreceivers.DefaultBotSession$ReaderThread.run(DefaultBotSession.java:188)
2026-05-11 18:01:10.757 ERROR [BestMovie4you_bot Telegram Connection] o.t.t.u.DefaultBotSession - Error executing org.telegram.telegrambots.meta.api.methods.updates.GetUpdates query: [409] Conflict: terminated by other getUpdates request; make sure that only one bot instance is running
Error executing org.telegram.telegrambots.meta.api.methods.updates.GetUpdates query: [409] Conflict: terminated by other getUpdates request; make sure that only one bot instance is running
	at org.telegram.telegrambots.meta.api.methods.PartialBotApiMethod.deserializeResponseInternal(PartialBotApiMethod.java:54)
	at org.telegram.telegrambots.meta.api.methods.PartialBotApiMethod.deserializeResponseArray(PartialBotApiMethod.java:39)
	at org.telegram.telegrambots.meta.api.methods.updates.GetUpdates.deserializeResponse(GetUpdates.java:86)
	at org.telegram.telegrambots.updatesreceivers.DefaultBotSession$ReaderThread.getUpdatesFromServer(DefaultBotSession.java:258)
	at org.telegram.telegrambots.updatesreceivers.DefaultBotSession$ReaderThread.run(DefaultBotSession.java:188)
2026-05-11 18:01:10.870 INFO  [SpringApplicationShutdownHook] o.s.b.w.e.tomcat.GracefulShutdown - Commencing graceful shutdown. Waiting for active requests to complete
2026-05-11 18:01:10.873 INFO  [tomcat-shutdown] o.s.b.w.e.tomcat.GracefulShutdown - Graceful shutdown complete
2026-05-11 18:01:10.875 INFO  [SpringApplicationShutdownHook] o.s.o.j.LocalContainerEntityManagerFactoryBean - Closing JPA EntityManagerFactory for persistence unit 'default'
2026-05-11 18:01:10.877 INFO  [SpringApplicationShutdownHook] com.zaxxer.hikari.HikariDataSource - HikariPool-1 - Shutdown initiated...
2026-05-11 18:01:10.878 INFO  [SpringApplicationShutdownHook] com.zaxxer.hikari.HikariDataSource - HikariPool-1 - Shutdown completed.
