2026-05-13 16:09:44.394 DEBUG [BestMovie4you_bot Telegram Executor] org.hibernate.SQL - select ue1_0.id,ue1_0.chat_id,ue1_0.name,ue1_0.user_tg_id from users ue1_0 where ue1_0.user_tg_id=?
2026-05-13 16:09:44.399 TRACE [BestMovie4you_bot Telegram Executor] org.hibernate.orm.jdbc.bind - binding parameter (1:BIGINT) <- [1364198563]
2026-05-13 16:09:52.579 DEBUG [BestMovie4you_bot Telegram Executor] org.hibernate.SQL - select ue1_0.id,ue1_0.chat_id,ue1_0.name,ue1_0.user_tg_id from users ue1_0 where ue1_0.user_tg_id=?
2026-05-13 16:09:52.580 TRACE [BestMovie4you_bot Telegram Executor] org.hibernate.orm.jdbc.bind - binding parameter (1:BIGINT) <- [1364198563]
2026-05-13 16:09:52.676 DEBUG [BestMovie4you_bot Telegram Executor] org.hibernate.SQL - select fe1_0.id,fe1_0.original_title,fe1_0.user_id from films fe1_0 where fe1_0.user_id=?
2026-05-13 16:09:52.677 TRACE [BestMovie4you_bot Telegram Executor] org.hibernate.orm.jdbc.bind - binding parameter (1:BIGINT) <- [1]
2026-05-13 16:10:07.300 DEBUG [BestMovie4you_bot Telegram Executor] org.hibernate.SQL - select ue1_0.id,ue1_0.chat_id,ue1_0.name,ue1_0.user_tg_id from users ue1_0 where ue1_0.user_tg_id=?
2026-05-13 16:10:07.301 TRACE [BestMovie4you_bot Telegram Executor] org.hibernate.orm.jdbc.bind - binding parameter (1:BIGINT) <- [1364198563]
2026-05-13 16:10:07.329 DEBUG [BestMovie4you_bot Telegram Executor] org.hibernate.SQL - INSERT INTO films (original_title, user_id) VALUES (?, ?)
2026-05-13 16:10:07.329 TRACE [BestMovie4you_bot Telegram Executor] org.hibernate.orm.jdbc.bind - binding parameter (1:VARCHAR) <- [Project Hail Mary]
2026-05-13 16:10:07.329 TRACE [BestMovie4you_bot Telegram Executor] org.hibernate.orm.jdbc.bind - binding parameter (2:BIGINT) <- [1]
2026-05-13 16:10:34.684 DEBUG [BestMovie4you_bot Telegram Executor] org.hibernate.SQL - select ue1_0.id,ue1_0.chat_id,ue1_0.name,ue1_0.user_tg_id from users ue1_0 where ue1_0.user_tg_id=?
2026-05-13 16:10:34.684 TRACE [BestMovie4you_bot Telegram Executor] org.hibernate.orm.jdbc.bind - binding parameter (1:BIGINT) <- [1364198563]
2026-05-13 16:10:34.685 DEBUG [BestMovie4you_bot Telegram Executor] org.hibernate.SQL - INSERT INTO films (original_title, user_id) VALUES (?, ?)
2026-05-13 16:10:34.685 TRACE [BestMovie4you_bot Telegram Executor] org.hibernate.orm.jdbc.bind - binding parameter (1:VARCHAR) <- [Swapped]
2026-05-13 16:10:34.686 TRACE [BestMovie4you_bot Telegram Executor] org.hibernate.orm.jdbc.bind - binding parameter (2:BIGINT) <- [1]
2026-05-13 16:11:09.561 DEBUG [BestMovie4you_bot Telegram Executor] org.hibernate.SQL - select ue1_0.id,ue1_0.chat_id,ue1_0.name,ue1_0.user_tg_id from users ue1_0 where ue1_0.user_tg_id=?
2026-05-13 16:11:09.562 TRACE [BestMovie4you_bot Telegram Executor] org.hibernate.orm.jdbc.bind - binding parameter (1:BIGINT) <- [1364198563]
2026-05-13 16:11:18.400 DEBUG [BestMovie4you_bot Telegram Executor] org.hibernate.SQL - select case when count(fe1_0.id)>0 then 1 else 0 end from films fe1_0 where fe1_0.user_id=? and fe1_0.original_title=?
2026-05-13 16:11:18.400 TRACE [BestMovie4you_bot Telegram Executor] org.hibernate.orm.jdbc.bind - binding parameter (1:BIGINT) <- [1]
2026-05-13 16:11:18.400 TRACE [BestMovie4you_bot Telegram Executor] org.hibernate.orm.jdbc.bind - binding parameter (2:VARCHAR) <- [28 Years Later: The Bone Temple]
2026-05-13 16:11:18.401 DEBUG [BestMovie4you_bot Telegram Executor] org.hibernate.SQL - select case when count(fe1_0.id)>0 then 1 else 0 end from films fe1_0 where fe1_0.user_id=? and fe1_0.original_title=?
2026-05-13 16:11:18.401 TRACE [BestMovie4you_bot Telegram Executor] org.hibernate.orm.jdbc.bind - binding parameter (1:BIGINT) <- [1]
2026-05-13 16:11:18.401 TRACE [BestMovie4you_bot Telegram Executor] org.hibernate.orm.jdbc.bind - binding parameter (2:VARCHAR) <- [Alien]
2026-05-13 16:11:18.402 DEBUG [BestMovie4you_bot Telegram Executor] org.hibernate.SQL - select case when count(fe1_0.id)>0 then 1 else 0 end from films fe1_0 where fe1_0.user_id=? and fe1_0.original_title=?
2026-05-13 16:11:18.402 TRACE [BestMovie4you_bot Telegram Executor] org.hibernate.orm.jdbc.bind - binding parameter (1:BIGINT) <- [1]
2026-05-13 16:11:18.402 TRACE [BestMovie4you_bot Telegram Executor] org.hibernate.orm.jdbc.bind - binding parameter (2:VARCHAR) <- [The Substance]
2026-05-13 16:11:18.402 DEBUG [BestMovie4you_bot Telegram Executor] org.hibernate.SQL - select case when count(fe1_0.id)>0 then 1 else 0 end from films fe1_0 where fe1_0.user_id=? and fe1_0.original_title=?
2026-05-13 16:11:18.403 TRACE [BestMovie4you_bot Telegram Executor] org.hibernate.orm.jdbc.bind - binding parameter (1:BIGINT) <- [1]
2026-05-13 16:11:18.403 TRACE [BestMovie4you_bot Telegram Executor] org.hibernate.orm.jdbc.bind - binding parameter (2:VARCHAR) <- [Alien: Romulus]
2026-05-13 16:11:18.403 DEBUG [BestMovie4you_bot Telegram Executor] org.hibernate.SQL - select case when count(fe1_0.id)>0 then 1 else 0 end from films fe1_0 where fe1_0.user_id=? and fe1_0.original_title=?
2026-05-13 16:11:18.403 TRACE [BestMovie4you_bot Telegram Executor] org.hibernate.orm.jdbc.bind - binding parameter (1:BIGINT) <- [1]
2026-05-13 16:11:18.403 TRACE [BestMovie4you_bot Telegram Executor] org.hibernate.orm.jdbc.bind - binding parameter (2:VARCHAR) <- [A Quiet Place]
2026-05-13 16:11:18.403 DEBUG [BestMovie4you_bot Telegram Executor] org.hibernate.SQL - select case when count(fe1_0.id)>0 then 1 else 0 end from films fe1_0 where fe1_0.user_id=? and fe1_0.original_title=?
2026-05-13 16:11:18.403 TRACE [BestMovie4you_bot Telegram Executor] org.hibernate.orm.jdbc.bind - binding parameter (1:BIGINT) <- [1]
2026-05-13 16:11:18.404 TRACE [BestMovie4you_bot Telegram Executor] org.hibernate.orm.jdbc.bind - binding parameter (2:VARCHAR) <- [The Thing]
2026-05-13 16:11:18.404 DEBUG [BestMovie4you_bot Telegram Executor] org.hibernate.SQL - select case when count(fe1_0.id)>0 then 1 else 0 end from films fe1_0 where fe1_0.user_id=? and fe1_0.original_title=?
2026-05-13 16:11:18.404 TRACE [BestMovie4you_bot Telegram Executor] org.hibernate.orm.jdbc.bind - binding parameter (1:BIGINT) <- [1]
2026-05-13 16:11:18.404 TRACE [BestMovie4you_bot Telegram Executor] org.hibernate.orm.jdbc.bind - binding parameter (2:VARCHAR) <- [28 Days Later]
2026-05-13 16:11:18.404 DEBUG [BestMovie4you_bot Telegram Executor] org.hibernate.SQL - select case when count(fe1_0.id)>0 then 1 else 0 end from films fe1_0 where fe1_0.user_id=? and fe1_0.original_title=?
2026-05-13 16:11:18.405 TRACE [BestMovie4you_bot Telegram Executor] org.hibernate.orm.jdbc.bind - binding parameter (1:BIGINT) <- [1]
2026-05-13 16:11:18.405 TRACE [BestMovie4you_bot Telegram Executor] org.hibernate.orm.jdbc.bind - binding parameter (2:VARCHAR) <- [A Quiet Place Part II]
2026-05-13 16:11:18.405 DEBUG [BestMovie4you_bot Telegram Executor] org.hibernate.SQL - select case when count(fe1_0.id)>0 then 1 else 0 end from films fe1_0 where fe1_0.user_id=? and fe1_0.original_title=?
2026-05-13 16:11:18.405 TRACE [BestMovie4you_bot Telegram Executor] org.hibernate.orm.jdbc.bind - binding parameter (1:BIGINT) <- [1]
2026-05-13 16:11:18.405 TRACE [BestMovie4you_bot Telegram Executor] org.hibernate.orm.jdbc.bind - binding parameter (2:VARCHAR) <- [Companion]
2026-05-13 16:11:18.405 DEBUG [BestMovie4you_bot Telegram Executor] org.hibernate.SQL - select case when count(fe1_0.id)>0 then 1 else 0 end from films fe1_0 where fe1_0.user_id=? and fe1_0.original_title=?
2026-05-13 16:11:18.405 TRACE [BestMovie4you_bot Telegram Executor] org.hibernate.orm.jdbc.bind - binding parameter (1:BIGINT) <- [1]
2026-05-13 16:11:18.405 TRACE [BestMovie4you_bot Telegram Executor] org.hibernate.orm.jdbc.bind - binding parameter (2:VARCHAR) <- [The Fly]
2026-05-13 16:11:18.406 DEBUG [BestMovie4you_bot Telegram Executor] org.hibernate.SQL - select case when count(fe1_0.id)>0 then 1 else 0 end from films fe1_0 where fe1_0.user_id=? and fe1_0.original_title=?
2026-05-13 16:11:18.406 TRACE [BestMovie4you_bot Telegram Executor] org.hibernate.orm.jdbc.bind - binding parameter (1:BIGINT) <- [1]
2026-05-13 16:11:18.406 TRACE [BestMovie4you_bot Telegram Executor] org.hibernate.orm.jdbc.bind - binding parameter (2:VARCHAR) <- [The Rocky Horror Picture Show]
2026-05-13 16:11:18.406 DEBUG [BestMovie4you_bot Telegram Executor] org.hibernate.SQL - select case when count(fe1_0.id)>0 then 1 else 0 end from films fe1_0 where fe1_0.user_id=? and fe1_0.original_title=?
2026-05-13 16:11:18.406 TRACE [BestMovie4you_bot Telegram Executor] org.hibernate.orm.jdbc.bind - binding parameter (1:BIGINT) <- [1]
2026-05-13 16:11:18.406 TRACE [BestMovie4you_bot Telegram Executor] org.hibernate.orm.jdbc.bind - binding parameter (2:VARCHAR) <- [Dawn of the Dead]
2026-05-13 16:11:18.407 DEBUG [BestMovie4you_bot Telegram Executor] org.hibernate.SQL - select case when count(fe1_0.id)>0 then 1 else 0 end from films fe1_0 where fe1_0.user_id=? and fe1_0.original_title=?
2026-05-13 16:11:18.407 TRACE [BestMovie4you_bot Telegram Executor] org.hibernate.orm.jdbc.bind - binding parameter (1:BIGINT) <- [1]
2026-05-13 16:11:18.407 TRACE [BestMovie4you_bot Telegram Executor] org.hibernate.orm.jdbc.bind - binding parameter (2:VARCHAR) <- [M3GAN]
2026-05-13 16:11:18.407 DEBUG [BestMovie4you_bot Telegram Executor] org.hibernate.SQL - select case when count(fe1_0.id)>0 then 1 else 0 end from films fe1_0 where fe1_0.user_id=? and fe1_0.original_title=?
2026-05-13 16:11:18.408 TRACE [BestMovie4you_bot Telegram Executor] org.hibernate.orm.jdbc.bind - binding parameter (1:BIGINT) <- [1]
2026-05-13 16:11:18.408 TRACE [BestMovie4you_bot Telegram Executor] org.hibernate.orm.jdbc.bind - binding parameter (2:VARCHAR) <- [Iron Lung]
2026-05-13 16:11:18.408 DEBUG [BestMovie4you_bot Telegram Executor] org.hibernate.SQL - select case when count(fe1_0.id)>0 then 1 else 0 end from films fe1_0 where fe1_0.user_id=? and fe1_0.original_title=?
2026-05-13 16:11:18.408 TRACE [BestMovie4you_bot Telegram Executor] org.hibernate.orm.jdbc.bind - binding parameter (1:BIGINT) <- [1]
2026-05-13 16:11:18.408 TRACE [BestMovie4you_bot Telegram Executor] org.hibernate.orm.jdbc.bind - binding parameter (2:VARCHAR) <- [10 Cloverfield Lane]
2026-05-13 16:11:18.409 DEBUG [BestMovie4you_bot Telegram Executor] org.hibernate.SQL - select case when count(fe1_0.id)>0 then 1 else 0 end from films fe1_0 where fe1_0.user_id=? and fe1_0.original_title=?
2026-05-13 16:11:18.409 TRACE [BestMovie4you_bot Telegram Executor] org.hibernate.orm.jdbc.bind - binding parameter (1:BIGINT) <- [1]
2026-05-13 16:11:18.409 TRACE [BestMovie4you_bot Telegram Executor] org.hibernate.orm.jdbc.bind - binding parameter (2:VARCHAR) <- [The Invisible Man]
2026-05-13 16:11:18.409 DEBUG [BestMovie4you_bot Telegram Executor] org.hibernate.SQL - select case when count(fe1_0.id)>0 then 1 else 0 end from films fe1_0 where fe1_0.user_id=? and fe1_0.original_title=?
2026-05-13 16:11:18.409 TRACE [BestMovie4you_bot Telegram Executor] org.hibernate.orm.jdbc.bind - binding parameter (1:BIGINT) <- [1]
2026-05-13 16:11:18.409 TRACE [BestMovie4you_bot Telegram Executor] org.hibernate.orm.jdbc.bind - binding parameter (2:VARCHAR) <- [Night of the Living Dead]
2026-05-13 16:11:18.410 DEBUG [BestMovie4you_bot Telegram Executor] org.hibernate.SQL - select case when count(fe1_0.id)>0 then 1 else 0 end from films fe1_0 where fe1_0.user_id=? and fe1_0.original_title=?
2026-05-13 16:11:18.410 TRACE [BestMovie4you_bot Telegram Executor] org.hibernate.orm.jdbc.bind - binding parameter (1:BIGINT) <- [1]
2026-05-13 16:11:18.410 TRACE [BestMovie4you_bot Telegram Executor] org.hibernate.orm.jdbc.bind - binding parameter (2:VARCHAR) <- [The Return of the Living Dead]
2026-05-13 16:11:18.410 DEBUG [BestMovie4you_bot Telegram Executor] org.hibernate.SQL - select case when count(fe1_0.id)>0 then 1 else 0 end from films fe1_0 where fe1_0.user_id=? and fe1_0.original_title=?
2026-05-13 16:11:18.410 TRACE [BestMovie4you_bot Telegram Executor] org.hibernate.orm.jdbc.bind - binding parameter (1:BIGINT) <- [1]
2026-05-13 16:11:18.410 TRACE [BestMovie4you_bot Telegram Executor] org.hibernate.orm.jdbc.bind - binding parameter (2:VARCHAR) <- [Dawn of the Dead]
2026-05-13 16:11:18.411 DEBUG [BestMovie4you_bot Telegram Executor] org.hibernate.SQL - select case when count(fe1_0.id)>0 then 1 else 0 end from films fe1_0 where fe1_0.user_id=? and fe1_0.original_title=?
2026-05-13 16:11:18.411 TRACE [BestMovie4you_bot Telegram Executor] org.hibernate.orm.jdbc.bind - binding parameter (1:BIGINT) <- [1]
2026-05-13 16:11:18.411 TRACE [BestMovie4you_bot Telegram Executor] org.hibernate.orm.jdbc.bind - binding parameter (2:VARCHAR) <- [Invasion of the Body Snatchers]
2026-05-13 16:11:18.412 DEBUG [BestMovie4you_bot Telegram Executor] org.hibernate.SQL - select case when count(fe1_0.id)>0 then 1 else 0 end from films fe1_0 where fe1_0.user_id=? and fe1_0.original_title=?
2026-05-13 16:11:18.412 TRACE [BestMovie4you_bot Telegram Executor] org.hibernate.orm.jdbc.bind - binding parameter (1:BIGINT) <- [1]
2026-05-13 16:11:18.412 TRACE [BestMovie4you_bot Telegram Executor] org.hibernate.orm.jdbc.bind - binding parameter (2:VARCHAR) <- [Frankenstein]
2026-05-13 16:11:18.412 DEBUG [BestMovie4you_bot Telegram Executor] org.hibernate.SQL - select case when count(fe1_0.id)>0 then 1 else 0 end from films fe1_0 where fe1_0.user_id=? and fe1_0.original_title=?
2026-05-13 16:11:18.412 TRACE [BestMovie4you_bot Telegram Executor] org.hibernate.orm.jdbc.bind - binding parameter (1:BIGINT) <- [1]
2026-05-13 16:11:18.412 TRACE [BestMovie4you_bot Telegram Executor] org.hibernate.orm.jdbc.bind - binding parameter (2:VARCHAR) <- [Videodrome]
2026-05-13 16:11:18.413 DEBUG [BestMovie4you_bot Telegram Executor] org.hibernate.SQL - select case when count(fe1_0.id)>0 then 1 else 0 end from films fe1_0 where fe1_0.user_id=? and fe1_0.original_title=?
2026-05-13 16:11:18.413 TRACE [BestMovie4you_bot Telegram Executor] org.hibernate.orm.jdbc.bind - binding parameter (1:BIGINT) <- [1]
2026-05-13 16:11:18.413 TRACE [BestMovie4you_bot Telegram Executor] org.hibernate.orm.jdbc.bind - binding parameter (2:VARCHAR) <- [Eraserhead]
2026-05-13 16:11:18.413 DEBUG [BestMovie4you_bot Telegram Executor] org.hibernate.SQL - select case when count(fe1_0.id)>0 then 1 else 0 end from films fe1_0 where fe1_0.user_id=? and fe1_0.original_title=?
2026-05-13 16:11:18.413 TRACE [BestMovie4you_bot Telegram Executor] org.hibernate.orm.jdbc.bind - binding parameter (1:BIGINT) <- [1]
2026-05-13 16:11:18.413 TRACE [BestMovie4you_bot Telegram Executor] org.hibernate.orm.jdbc.bind - binding parameter (2:VARCHAR) <- [The Invisible Man]
2026-05-13 16:11:18.414 DEBUG [BestMovie4you_bot Telegram Executor] org.hibernate.SQL - select case when count(fe1_0.id)>0 then 1 else 0 end from films fe1_0 where fe1_0.user_id=? and fe1_0.original_title=?
2026-05-13 16:11:18.414 TRACE [BestMovie4you_bot Telegram Executor] org.hibernate.orm.jdbc.bind - binding parameter (1:BIGINT) <- [1]
2026-05-13 16:11:18.414 TRACE [BestMovie4you_bot Telegram Executor] org.hibernate.orm.jdbc.bind - binding parameter (2:VARCHAR) <- [Invasion of the Body Snatchers]
2026-05-13 16:11:18.414 DEBUG [BestMovie4you_bot Telegram Executor] org.hibernate.SQL - select case when count(fe1_0.id)>0 then 1 else 0 end from films fe1_0 where fe1_0.user_id=? and fe1_0.original_title=?
2026-05-13 16:11:18.414 TRACE [BestMovie4you_bot Telegram Executor] org.hibernate.orm.jdbc.bind - binding parameter (1:BIGINT) <- [1]
2026-05-13 16:11:18.414 TRACE [BestMovie4you_bot Telegram Executor] org.hibernate.orm.jdbc.bind - binding parameter (2:VARCHAR) <- [The Dead Zone]
2026-05-13 16:11:18.415 DEBUG [BestMovie4you_bot Telegram Executor] org.hibernate.SQL - select case when count(fe1_0.id)>0 then 1 else 0 end from films fe1_0 where fe1_0.user_id=? and fe1_0.original_title=?
2026-05-13 16:11:18.415 TRACE [BestMovie4you_bot Telegram Executor] org.hibernate.orm.jdbc.bind - binding parameter (1:BIGINT) <- [1]
2026-05-13 16:11:18.415 TRACE [BestMovie4you_bot Telegram Executor] org.hibernate.orm.jdbc.bind - binding parameter (2:VARCHAR) <- [Bride of Frankenstein]
2026-05-13 16:11:18.415 DEBUG [BestMovie4you_bot Telegram Executor] org.hibernate.SQL - select case when count(fe1_0.id)>0 then 1 else 0 end from films fe1_0 where fe1_0.user_id=? and fe1_0.original_title=?
2026-05-13 16:11:18.417 TRACE [BestMovie4you_bot Telegram Executor] org.hibernate.orm.jdbc.bind - binding parameter (1:BIGINT) <- [1]
2026-05-13 16:11:18.417 TRACE [BestMovie4you_bot Telegram Executor] org.hibernate.orm.jdbc.bind - binding parameter (2:VARCHAR) <- [The Fly]
2026-05-13 16:11:18.417 DEBUG [BestMovie4you_bot Telegram Executor] org.hibernate.SQL - select case when count(fe1_0.id)>0 then 1 else 0 end from films fe1_0 where fe1_0.user_id=? and fe1_0.original_title=?
2026-05-13 16:11:18.418 TRACE [BestMovie4you_bot Telegram Executor] org.hibernate.orm.jdbc.bind - binding parameter (1:BIGINT) <- [1]
2026-05-13 16:11:18.418 TRACE [BestMovie4you_bot Telegram Executor] org.hibernate.orm.jdbc.bind - binding parameter (2:VARCHAR) <- [Seconds]
2026-05-13 16:11:18.418 DEBUG [BestMovie4you_bot Telegram Executor] org.hibernate.SQL - select case when count(fe1_0.id)>0 then 1 else 0 end from films fe1_0 where fe1_0.user_id=? and fe1_0.original_title=?
2026-05-13 16:11:18.418 TRACE [BestMovie4you_bot Telegram Executor] org.hibernate.orm.jdbc.bind - binding parameter (1:BIGINT) <- [1]
2026-05-13 16:11:18.418 TRACE [BestMovie4you_bot Telegram Executor] org.hibernate.orm.jdbc.bind - binding parameter (2:VARCHAR) <- [Justice League Dark]
2026-05-13 16:11:18.419 DEBUG [BestMovie4you_bot Telegram Executor] org.hibernate.SQL - select case when count(fe1_0.id)>0 then 1 else 0 end from films fe1_0 where fe1_0.user_id=? and fe1_0.original_title=?
2026-05-13 16:11:18.419 TRACE [BestMovie4you_bot Telegram Executor] org.hibernate.orm.jdbc.bind - binding parameter (1:BIGINT) <- [1]
2026-05-13 16:11:18.419 TRACE [BestMovie4you_bot Telegram Executor] org.hibernate.orm.jdbc.bind - binding parameter (2:VARCHAR) <- [Laboratory Conditions]
2026-05-13 16:11:18.419 DEBUG [BestMovie4you_bot Telegram Executor] org.hibernate.SQL - select case when count(fe1_0.id)>0 then 1 else 0 end from films fe1_0 where fe1_0.user_id=? and fe1_0.original_title=?
2026-05-13 16:11:18.419 TRACE [BestMovie4you_bot Telegram Executor] org.hibernate.orm.jdbc.bind - binding parameter (1:BIGINT) <- [1]
2026-05-13 16:11:18.419 TRACE [BestMovie4you_bot Telegram Executor] org.hibernate.orm.jdbc.bind - binding parameter (2:VARCHAR) <- [Village of the Damned]
2026-05-13 16:11:18.420 DEBUG [BestMovie4you_bot Telegram Executor] org.hibernate.SQL - select case when count(fe1_0.id)>0 then 1 else 0 end from films fe1_0 where fe1_0.user_id=? and fe1_0.original_title=?
2026-05-13 16:11:18.420 TRACE [BestMovie4you_bot Telegram Executor] org.hibernate.orm.jdbc.bind - binding parameter (1:BIGINT) <- [1]
2026-05-13 16:11:18.420 TRACE [BestMovie4you_bot Telegram Executor] org.hibernate.orm.jdbc.bind - binding parameter (2:VARCHAR) <- [The Incredible Shrinking Man]
2026-05-13 16:11:18.420 DEBUG [BestMovie4you_bot Telegram Executor] org.hibernate.SQL - select case when count(fe1_0.id)>0 then 1 else 0 end from films fe1_0 where fe1_0.user_id=? and fe1_0.original_title=?
2026-05-13 16:11:18.420 TRACE [BestMovie4you_bot Telegram Executor] org.hibernate.orm.jdbc.bind - binding parameter (1:BIGINT) <- [1]
2026-05-13 16:11:18.420 TRACE [BestMovie4you_bot Telegram Executor] org.hibernate.orm.jdbc.bind - binding parameter (2:VARCHAR) <- [Imposters]
2026-05-13 16:11:18.421 DEBUG [BestMovie4you_bot Telegram Executor] org.hibernate.SQL - select case when count(fe1_0.id)>0 then 1 else 0 end from films fe1_0 where fe1_0.user_id=? and fe1_0.original_title=?
2026-05-13 16:11:18.421 TRACE [BestMovie4you_bot Telegram Executor] org.hibernate.orm.jdbc.bind - binding parameter (1:BIGINT) <- [1]
2026-05-13 16:11:18.421 TRACE [BestMovie4you_bot Telegram Executor] org.hibernate.orm.jdbc.bind - binding parameter (2:VARCHAR) <- [Dr. Jekyll and Mr. Hyde]
2026-05-13 16:11:18.422 DEBUG [BestMovie4you_bot Telegram Executor] org.hibernate.SQL - select case when count(fe1_0.id)>0 then 1 else 0 end from films fe1_0 where fe1_0.user_id=? and fe1_0.original_title=?
2026-05-13 16:11:18.422 TRACE [BestMovie4you_bot Telegram Executor] org.hibernate.orm.jdbc.bind - binding parameter (1:BIGINT) <- [1]
2026-05-13 16:11:18.422 TRACE [BestMovie4you_bot Telegram Executor] org.hibernate.orm.jdbc.bind - binding parameter (2:VARCHAR) <- [Alien Abduction: Incident in Lake County]
2026-05-13 16:11:18.422 DEBUG [BestMovie4you_bot Telegram Executor] org.hibernate.SQL - select case when count(fe1_0.id)>0 then 1 else 0 end from films fe1_0 where fe1_0.user_id=? and fe1_0.original_title=?
2026-05-13 16:11:18.422 TRACE [BestMovie4you_bot Telegram Executor] org.hibernate.orm.jdbc.bind - binding parameter (1:BIGINT) <- [1]
2026-05-13 16:11:18.422 TRACE [BestMovie4you_bot Telegram Executor] org.hibernate.orm.jdbc.bind - binding parameter (2:VARCHAR) <- [We Put the World to Sleep]
2026-05-13 16:11:18.423 DEBUG [BestMovie4you_bot Telegram Executor] org.hibernate.SQL - select case when count(fe1_0.id)>0 then 1 else 0 end from films fe1_0 where fe1_0.user_id=? and fe1_0.original_title=?
2026-05-13 16:11:18.423 TRACE [BestMovie4you_bot Telegram Executor] org.hibernate.orm.jdbc.bind - binding parameter (1:BIGINT) <- [1]
2026-05-13 16:11:18.423 TRACE [BestMovie4you_bot Telegram Executor] org.hibernate.orm.jdbc.bind - binding parameter (2:VARCHAR) <- [Too Many Cooks]
2026-05-13 16:11:32.744 DEBUG [BestMovie4you_bot Telegram Executor] org.hibernate.SQL - select ue1_0.id,ue1_0.chat_id,ue1_0.name,ue1_0.user_tg_id from users ue1_0 where ue1_0.user_tg_id=?
2026-05-13 16:11:32.744 TRACE [BestMovie4you_bot Telegram Executor] org.hibernate.orm.jdbc.bind - binding parameter (1:BIGINT) <- [1364198563]
2026-05-13 16:11:32.745 DEBUG [BestMovie4you_bot Telegram Executor] org.hibernate.SQL - INSERT INTO films (original_title, user_id) VALUES (?, ?)
2026-05-13 16:11:32.745 TRACE [BestMovie4you_bot Telegram Executor] org.hibernate.orm.jdbc.bind - binding parameter (1:VARCHAR) <- [The Substance]
2026-05-13 16:11:32.745 TRACE [BestMovie4you_bot Telegram Executor] org.hibernate.orm.jdbc.bind - binding parameter (2:BIGINT) <- [1]
2026-05-13 16:11:53.986 DEBUG [BestMovie4you_bot Telegram Executor] org.hibernate.SQL - select ue1_0.id,ue1_0.chat_id,ue1_0.name,ue1_0.user_tg_id from users ue1_0 where ue1_0.user_tg_id=?
2026-05-13 16:11:53.986 TRACE [BestMovie4you_bot Telegram Executor] org.hibernate.orm.jdbc.bind - binding parameter (1:BIGINT) <- [1364198563]
2026-05-13 16:11:53.988 DEBUG [BestMovie4you_bot Telegram Executor] org.hibernate.SQL - INSERT INTO films (original_title, user_id) VALUES (?, ?)
2026-05-13 16:11:53.988 TRACE [BestMovie4you_bot Telegram Executor] org.hibernate.orm.jdbc.bind - binding parameter (1:VARCHAR) <- [Companion]
2026-05-13 16:11:53.988 TRACE [BestMovie4you_bot Telegram Executor] org.hibernate.orm.jdbc.bind - binding parameter (2:BIGINT) <- [1]
2026-05-13 16:12:04.866 DEBUG [BestMovie4you_bot Telegram Executor] org.hibernate.SQL - select ue1_0.id,ue1_0.chat_id,ue1_0.name,ue1_0.user_tg_id from users ue1_0 where ue1_0.user_tg_id=?
2026-05-13 16:12:04.866 TRACE [BestMovie4you_bot Telegram Executor] org.hibernate.orm.jdbc.bind - binding parameter (1:BIGINT) <- [1364198563]
2026-05-13 16:12:04.867 DEBUG [BestMovie4you_bot Telegram Executor] org.hibernate.SQL - INSERT INTO films (original_title, user_id) VALUES (?, ?)
2026-05-13 16:12:04.867 TRACE [BestMovie4you_bot Telegram Executor] org.hibernate.orm.jdbc.bind - binding parameter (1:VARCHAR) <- [Dawn of the Dead]
2026-05-13 16:12:04.867 TRACE [BestMovie4you_bot Telegram Executor] org.hibernate.orm.jdbc.bind - binding parameter (2:BIGINT) <- [1]
2026-05-13 16:12:12.922 DEBUG [BestMovie4you_bot Telegram Executor] org.hibernate.SQL - select ue1_0.id,ue1_0.chat_id,ue1_0.name,ue1_0.user_tg_id from users ue1_0 where ue1_0.user_tg_id=?
2026-05-13 16:12:12.923 TRACE [BestMovie4you_bot Telegram Executor] org.hibernate.orm.jdbc.bind - binding parameter (1:BIGINT) <- [1364198563]
2026-05-13 16:12:12.923 DEBUG [BestMovie4you_bot Telegram Executor] org.hibernate.SQL - select fe1_0.id,fe1_0.original_title,fe1_0.user_id from films fe1_0 where fe1_0.user_id=?
2026-05-13 16:12:12.924 TRACE [BestMovie4you_bot Telegram Executor] org.hibernate.orm.jdbc.bind - binding parameter (1:BIGINT) <- [1]
2026-05-13 16:13:00.584 DEBUG [BestMovie4you_bot Telegram Executor] org.hibernate.SQL - select ue1_0.id,ue1_0.chat_id,ue1_0.name,ue1_0.user_tg_id from users ue1_0 where ue1_0.user_tg_id=?
2026-05-13 16:13:00.585 TRACE [BestMovie4you_bot Telegram Executor] org.hibernate.orm.jdbc.bind - binding parameter (1:BIGINT) <- [1364198563]
2026-05-13 16:13:00.585 DEBUG [BestMovie4you_bot Telegram Executor] org.hibernate.SQL - select fe1_0.id,fe1_0.original_title,fe1_0.user_id from films fe1_0 where fe1_0.user_id=?
2026-05-13 16:13:00.585 TRACE [BestMovie4you_bot Telegram Executor] org.hibernate.orm.jdbc.bind - binding parameter (1:BIGINT) <- [1]
2026-05-13 16:13:01.938 DEBUG [BestMovie4you_bot Telegram Executor] org.hibernate.SQL - delete from films where id=?
2026-05-13 16:13:01.938 TRACE [BestMovie4you_bot Telegram Executor] org.hibernate.orm.jdbc.bind - binding parameter (1:BIGINT) <- [5]
2026-05-13 16:14:37.939 DEBUG [BestMovie4you_bot Telegram Executor] org.hibernate.SQL - select ue1_0.id,ue1_0.chat_id,ue1_0.name,ue1_0.user_tg_id from users ue1_0 where ue1_0.user_tg_id=?
2026-05-13 16:14:37.939 DEBUG [BestMovie4you_bot Telegram Executor] org.hibernate.SQL - select ue1_0.id,ue1_0.chat_id,ue1_0.name,ue1_0.user_tg_id from users ue1_0 where ue1_0.user_tg_id=?
2026-05-13 16:14:37.943 TRACE [BestMovie4you_bot Telegram Executor] org.hibernate.orm.jdbc.bind - binding parameter (1:BIGINT) <- [1364198563]
2026-05-13 16:14:37.943 TRACE [BestMovie4you_bot Telegram Executor] org.hibernate.orm.jdbc.bind - binding parameter (1:BIGINT) <- [1364198563]
2026-05-13 16:14:37.973 DEBUG [BestMovie4you_bot Telegram Executor] org.hibernate.SQL - select fe1_0.id,fe1_0.original_title,fe1_0.user_id from films fe1_0 where fe1_0.user_id=?
2026-05-13 16:14:37.973 DEBUG [BestMovie4you_bot Telegram Executor] org.hibernate.SQL - select fe1_0.id,fe1_0.original_title,fe1_0.user_id from films fe1_0 where fe1_0.user_id=?
2026-05-13 16:14:37.973 TRACE [BestMovie4you_bot Telegram Executor] org.hibernate.orm.jdbc.bind - binding parameter (1:BIGINT) <- [1]
2026-05-13 16:14:37.973 TRACE [BestMovie4you_bot Telegram Executor] org.hibernate.orm.jdbc.bind - binding parameter (1:BIGINT) <- [1]
2026-05-13 16:14:43.458 DEBUG [BestMovie4you_bot Telegram Executor] org.hibernate.SQL - delete from films where id=?
2026-05-13 16:14:43.458 TRACE [BestMovie4you_bot Telegram Executor] org.hibernate.orm.jdbc.bind - binding parameter (1:BIGINT) <- [6]
2026-05-13 16:14:46.601 DEBUG [BestMovie4you_bot Telegram Executor] org.hibernate.SQL - delete from films where id=?
2026-05-13 16:14:46.602 TRACE [BestMovie4you_bot Telegram Executor] org.hibernate.orm.jdbc.bind - binding parameter (1:BIGINT) <- [8]
2026-05-13 16:14:48.146 DEBUG [BestMovie4you_bot Telegram Executor] org.hibernate.SQL - delete from films where id=?
2026-05-13 16:14:48.147 TRACE [BestMovie4you_bot Telegram Executor] org.hibernate.orm.jdbc.bind - binding parameter (1:BIGINT) <- [9]
2026-05-13 16:14:51.388 DEBUG [BestMovie4you_bot Telegram Executor] org.hibernate.SQL - select ue1_0.id,ue1_0.chat_id,ue1_0.name,ue1_0.user_tg_id from users ue1_0 where ue1_0.user_tg_id=?
2026-05-13 16:14:51.388 TRACE [BestMovie4you_bot Telegram Executor] org.hibernate.orm.jdbc.bind - binding parameter (1:BIGINT) <- [1364198563]
2026-05-13 16:14:51.389 DEBUG [BestMovie4you_bot Telegram Executor] org.hibernate.SQL - select fe1_0.id,fe1_0.original_title,fe1_0.user_id from films fe1_0 where fe1_0.user_id=?
2026-05-13 16:14:51.390 TRACE [BestMovie4you_bot Telegram Executor] org.hibernate.orm.jdbc.bind - binding parameter (1:BIGINT) <- [1]
2026-05-13 16:14:53.049 DEBUG [BestMovie4you_bot Telegram Executor] org.hibernate.SQL - delete from films where id=?
2026-05-13 16:14:53.050 TRACE [BestMovie4you_bot Telegram Executor] org.hibernate.orm.jdbc.bind - binding parameter (1:BIGINT) <- [7]
2026-05-13 16:15:01.567 DEBUG [BestMovie4you_bot Telegram Executor] org.hibernate.SQL - select ue1_0.id,ue1_0.chat_id,ue1_0.name,ue1_0.user_tg_id from users ue1_0 where ue1_0.user_tg_id=?
2026-05-13 16:15:01.568 TRACE [BestMovie4you_bot Telegram Executor] org.hibernate.orm.jdbc.bind - binding parameter (1:BIGINT) <- [1364198563]
2026-05-13 16:15:10.066 DEBUG [BestMovie4you_bot Telegram Executor] org.hibernate.SQL - select case when count(fe1_0.id)>0 then 1 else 0 end from films fe1_0 where fe1_0.user_id=? and fe1_0.original_title=?
2026-05-13 16:15:10.067 TRACE [BestMovie4you_bot Telegram Executor] org.hibernate.orm.jdbc.bind - binding parameter (1:BIGINT) <- [1]
2026-05-13 16:15:10.067 TRACE [BestMovie4you_bot Telegram Executor] org.hibernate.orm.jdbc.bind - binding parameter (2:VARCHAR) <- [Hoppers]
2026-05-13 16:15:10.068 DEBUG [BestMovie4you_bot Telegram Executor] org.hibernate.SQL - select case when count(fe1_0.id)>0 then 1 else 0 end from films fe1_0 where fe1_0.user_id=? and fe1_0.original_title=?
2026-05-13 16:15:10.068 TRACE [BestMovie4you_bot Telegram Executor] org.hibernate.orm.jdbc.bind - binding parameter (1:BIGINT) <- [1]
2026-05-13 16:15:10.068 TRACE [BestMovie4you_bot Telegram Executor] org.hibernate.orm.jdbc.bind - binding parameter (2:VARCHAR) <- [Deadpool & Wolverine]
2026-05-13 16:15:10.069 DEBUG [BestMovie4you_bot Telegram Executor] org.hibernate.SQL - select case when count(fe1_0.id)>0 then 1 else 0 end from films fe1_0 where fe1_0.user_id=? and fe1_0.original_title=?
2026-05-13 16:15:10.069 TRACE [BestMovie4you_bot Telegram Executor] org.hibernate.orm.jdbc.bind - binding parameter (1:BIGINT) <- [1]
2026-05-13 16:15:10.069 TRACE [BestMovie4you_bot Telegram Executor] org.hibernate.orm.jdbc.bind - binding parameter (2:VARCHAR) <- [Sonic the Hedgehog 3]
2026-05-13 16:15:10.070 DEBUG [BestMovie4you_bot Telegram Executor] org.hibernate.SQL - select case when count(fe1_0.id)>0 then 1 else 0 end from films fe1_0 where fe1_0.user_id=? and fe1_0.original_title=?
2026-05-13 16:15:10.070 TRACE [BestMovie4you_bot Telegram Executor] org.hibernate.orm.jdbc.bind - binding parameter (1:BIGINT) <- [1]
2026-05-13 16:15:10.070 TRACE [BestMovie4you_bot Telegram Executor] org.hibernate.orm.jdbc.bind - binding parameter (2:VARCHAR) <- [Back to the Future]
2026-05-13 16:15:10.071 DEBUG [BestMovie4you_bot Telegram Executor] org.hibernate.SQL - select case when count(fe1_0.id)>0 then 1 else 0 end from films fe1_0 where fe1_0.user_id=? and fe1_0.original_title=?
2026-05-13 16:15:10.071 TRACE [BestMovie4you_bot Telegram Executor] org.hibernate.orm.jdbc.bind - binding parameter (1:BIGINT) <- [1]
2026-05-13 16:15:10.071 TRACE [BestMovie4you_bot Telegram Executor] org.hibernate.orm.jdbc.bind - binding parameter (2:VARCHAR) <- [Lilo & Stitch]
2026-05-13 16:15:10.071 DEBUG [BestMovie4you_bot Telegram Executor] org.hibernate.SQL - select case when count(fe1_0.id)>0 then 1 else 0 end from films fe1_0 where fe1_0.user_id=? and fe1_0.original_title=?
2026-05-13 16:15:10.071 TRACE [BestMovie4you_bot Telegram Executor] org.hibernate.orm.jdbc.bind - binding parameter (1:BIGINT) <- [1]
2026-05-13 16:15:10.071 TRACE [BestMovie4you_bot Telegram Executor] org.hibernate.orm.jdbc.bind - binding parameter (2:VARCHAR) <- [Despicable Me]
2026-05-13 16:15:10.072 DEBUG [BestMovie4you_bot Telegram Executor] org.hibernate.SQL - select case when count(fe1_0.id)>0 then 1 else 0 end from films fe1_0 where fe1_0.user_id=? and fe1_0.original_title=?
2026-05-13 16:15:10.072 TRACE [BestMovie4you_bot Telegram Executor] org.hibernate.orm.jdbc.bind - binding parameter (1:BIGINT) <- [1]
2026-05-13 16:15:10.072 TRACE [BestMovie4you_bot Telegram Executor] org.hibernate.orm.jdbc.bind - binding parameter (2:VARCHAR) <- [Thor: Ragnarok]
2026-05-13 16:15:10.073 DEBUG [BestMovie4you_bot Telegram Executor] org.hibernate.SQL - select case when count(fe1_0.id)>0 then 1 else 0 end from films fe1_0 where fe1_0.user_id=? and fe1_0.original_title=?
2026-05-13 16:15:10.073 TRACE [BestMovie4you_bot Telegram Executor] org.hibernate.orm.jdbc.bind - binding parameter (1:BIGINT) <- [1]
2026-05-13 16:15:10.073 TRACE [BestMovie4you_bot Telegram Executor] org.hibernate.orm.jdbc.bind - binding parameter (2:VARCHAR) <- [Bugonia]
2026-05-13 16:15:10.073 DEBUG [BestMovie4you_bot Telegram Executor] org.hibernate.SQL - select case when count(fe1_0.id)>0 then 1 else 0 end from films fe1_0 where fe1_0.user_id=? and fe1_0.original_title=?
2026-05-13 16:15:10.074 TRACE [BestMovie4you_bot Telegram Executor] org.hibernate.orm.jdbc.bind - binding parameter (1:BIGINT) <- [1]
2026-05-13 16:15:10.074 TRACE [BestMovie4you_bot Telegram Executor] org.hibernate.orm.jdbc.bind - binding parameter (2:VARCHAR) <- [Free Guy]
2026-05-13 16:15:10.074 DEBUG [BestMovie4you_bot Telegram Executor] org.hibernate.SQL - select case when count(fe1_0.id)>0 then 1 else 0 end from films fe1_0 where fe1_0.user_id=? and fe1_0.original_title=?
2026-05-13 16:15:10.074 TRACE [BestMovie4you_bot Telegram Executor] org.hibernate.orm.jdbc.bind - binding parameter (1:BIGINT) <- [1]
2026-05-13 16:15:10.074 TRACE [BestMovie4you_bot Telegram Executor] org.hibernate.orm.jdbc.bind - binding parameter (2:VARCHAR) <- [Don't Look Up]
2026-05-13 16:15:10.075 DEBUG [BestMovie4you_bot Telegram Executor] org.hibernate.SQL - select case when count(fe1_0.id)>0 then 1 else 0 end from films fe1_0 where fe1_0.user_id=? and fe1_0.original_title=?
2026-05-13 16:15:10.075 TRACE [BestMovie4you_bot Telegram Executor] org.hibernate.orm.jdbc.bind - binding parameter (1:BIGINT) <- [1]
2026-05-13 16:15:10.075 TRACE [BestMovie4you_bot Telegram Executor] org.hibernate.orm.jdbc.bind - binding parameter (2:VARCHAR) <- [Sonic the Hedgehog]
2026-05-13 16:15:10.075 DEBUG [BestMovie4you_bot Telegram Executor] org.hibernate.SQL - select case when count(fe1_0.id)>0 then 1 else 0 end from films fe1_0 where fe1_0.user_id=? and fe1_0.original_title=?
2026-05-13 16:15:10.076 TRACE [BestMovie4you_bot Telegram Executor] org.hibernate.orm.jdbc.bind - binding parameter (1:BIGINT) <- [1]
2026-05-13 16:15:10.076 TRACE [BestMovie4you_bot Telegram Executor] org.hibernate.orm.jdbc.bind - binding parameter (2:VARCHAR) <- [Men in Black]
2026-05-13 16:15:10.076 DEBUG [BestMovie4you_bot Telegram Executor] org.hibernate.SQL - select case when count(fe1_0.id)>0 then 1 else 0 end from films fe1_0 where fe1_0.user_id=? and fe1_0.original_title=?
2026-05-13 16:15:10.076 TRACE [BestMovie4you_bot Telegram Executor] org.hibernate.orm.jdbc.bind - binding parameter (1:BIGINT) <- [1]
2026-05-13 16:15:10.076 TRACE [BestMovie4you_bot Telegram Executor] org.hibernate.orm.jdbc.bind - binding parameter (2:VARCHAR) <- [Lilo & Stitch]
2026-05-13 16:15:10.077 DEBUG [BestMovie4you_bot Telegram Executor] org.hibernate.SQL - select case when count(fe1_0.id)>0 then 1 else 0 end from films fe1_0 where fe1_0.user_id=? and fe1_0.original_title=?
2026-05-13 16:15:10.077 TRACE [BestMovie4you_bot Telegram Executor] org.hibernate.orm.jdbc.bind - binding parameter (1:BIGINT) <- [1]
2026-05-13 16:15:10.077 TRACE [BestMovie4you_bot Telegram Executor] org.hibernate.orm.jdbc.bind - binding parameter (2:VARCHAR) <- [Minions: The Rise of Gru]
2026-05-13 16:15:10.077 DEBUG [BestMovie4you_bot Telegram Executor] org.hibernate.SQL - select case when count(fe1_0.id)>0 then 1 else 0 end from films fe1_0 where fe1_0.user_id=? and fe1_0.original_title=?
2026-05-13 16:15:10.077 TRACE [BestMovie4you_bot Telegram Executor] org.hibernate.orm.jdbc.bind - binding parameter (1:BIGINT) <- [1]
2026-05-13 16:15:10.077 TRACE [BestMovie4you_bot Telegram Executor] org.hibernate.orm.jdbc.bind - binding parameter (2:VARCHAR) <- [Poor Things]
2026-05-13 16:15:10.078 DEBUG [BestMovie4you_bot Telegram Executor] org.hibernate.SQL - select case when count(fe1_0.id)>0 then 1 else 0 end from films fe1_0 where fe1_0.user_id=? and fe1_0.original_title=?
2026-05-13 16:15:10.078 TRACE [BestMovie4you_bot Telegram Executor] org.hibernate.orm.jdbc.bind - binding parameter (1:BIGINT) <- [1]
2026-05-13 16:15:10.078 TRACE [BestMovie4you_bot Telegram Executor] org.hibernate.orm.jdbc.bind - binding parameter (2:VARCHAR) <- [Megamind]
2026-05-13 16:15:10.079 DEBUG [BestMovie4you_bot Telegram Executor] org.hibernate.SQL - select case when count(fe1_0.id)>0 then 1 else 0 end from films fe1_0 where fe1_0.user_id=? and fe1_0.original_title=?
2026-05-13 16:15:10.079 TRACE [BestMovie4you_bot Telegram Executor] org.hibernate.orm.jdbc.bind - binding parameter (1:BIGINT) <- [1]
2026-05-13 16:15:10.079 TRACE [BestMovie4you_bot Telegram Executor] org.hibernate.orm.jdbc.bind - binding parameter (2:VARCHAR) <- [Groot's Pursuit]
2026-05-13 16:15:10.079 DEBUG [BestMovie4you_bot Telegram Executor] org.hibernate.SQL - select case when count(fe1_0.id)>0 then 1 else 0 end from films fe1_0 where fe1_0.user_id=? and fe1_0.original_title=?
2026-05-13 16:15:10.079 TRACE [BestMovie4you_bot Telegram Executor] org.hibernate.orm.jdbc.bind - binding parameter (1:BIGINT) <- [1]
2026-05-13 16:15:10.079 TRACE [BestMovie4you_bot Telegram Executor] org.hibernate.orm.jdbc.bind - binding parameter (2:VARCHAR) <- [Back to the Future Part II]
2026-05-13 16:15:10.080 DEBUG [BestMovie4you_bot Telegram Executor] org.hibernate.SQL - select case when count(fe1_0.id)>0 then 1 else 0 end from films fe1_0 where fe1_0.user_id=? and fe1_0.original_title=?
2026-05-13 16:15:10.080 TRACE [BestMovie4you_bot Telegram Executor] org.hibernate.orm.jdbc.bind - binding parameter (1:BIGINT) <- [1]
2026-05-13 16:15:10.080 TRACE [BestMovie4you_bot Telegram Executor] org.hibernate.orm.jdbc.bind - binding parameter (2:VARCHAR) <- [The Rocky Horror Picture Show]
2026-05-13 16:15:10.080 DEBUG [BestMovie4you_bot Telegram Executor] org.hibernate.SQL - select case when count(fe1_0.id)>0 then 1 else 0 end from films fe1_0 where fe1_0.user_id=? and fe1_0.original_title=?
2026-05-13 16:15:10.081 TRACE [BestMovie4you_bot Telegram Executor] org.hibernate.orm.jdbc.bind - binding parameter (1:BIGINT) <- [1]
2026-05-13 16:15:10.081 TRACE [BestMovie4you_bot Telegram Executor] org.hibernate.orm.jdbc.bind - binding parameter (2:VARCHAR) <- [Ralph Breaks the Internet]
2026-05-13 16:15:10.081 DEBUG [BestMovie4you_bot Telegram Executor] org.hibernate.SQL - select case when count(fe1_0.id)>0 then 1 else 0 end from films fe1_0 where fe1_0.user_id=? and fe1_0.original_title=?
2026-05-13 16:15:10.081 TRACE [BestMovie4you_bot Telegram Executor] org.hibernate.orm.jdbc.bind - binding parameter (1:BIGINT) <- [1]
2026-05-13 16:15:10.081 TRACE [BestMovie4you_bot Telegram Executor] org.hibernate.orm.jdbc.bind - binding parameter (2:VARCHAR) <- [Back to the Future Part III]
2026-05-13 16:15:10.082 DEBUG [BestMovie4you_bot Telegram Executor] org.hibernate.SQL - select case when count(fe1_0.id)>0 then 1 else 0 end from films fe1_0 where fe1_0.user_id=? and fe1_0.original_title=?
2026-05-13 16:15:10.082 TRACE [BestMovie4you_bot Telegram Executor] org.hibernate.orm.jdbc.bind - binding parameter (1:BIGINT) <- [1]
2026-05-13 16:15:10.082 TRACE [BestMovie4you_bot Telegram Executor] org.hibernate.orm.jdbc.bind - binding parameter (2:VARCHAR) <- [Teenage Mutant Ninja Turtles: Mutant Mayhem]
2026-05-13 16:15:10.082 DEBUG [BestMovie4you_bot Telegram Executor] org.hibernate.SQL - select case when count(fe1_0.id)>0 then 1 else 0 end from films fe1_0 where fe1_0.user_id=? and fe1_0.original_title=?
2026-05-13 16:15:10.082 TRACE [BestMovie4you_bot Telegram Executor] org.hibernate.orm.jdbc.bind - binding parameter (1:BIGINT) <- [1]
2026-05-13 16:15:10.082 TRACE [BestMovie4you_bot Telegram Executor] org.hibernate.orm.jdbc.bind - binding parameter (2:VARCHAR) <- [Regular Show: The Movie]
2026-05-13 16:15:10.082 DEBUG [BestMovie4you_bot Telegram Executor] org.hibernate.SQL - select case when count(fe1_0.id)>0 then 1 else 0 end from films fe1_0 where fe1_0.user_id=? and fe1_0.original_title=?
2026-05-13 16:15:10.082 TRACE [BestMovie4you_bot Telegram Executor] org.hibernate.orm.jdbc.bind - binding parameter (1:BIGINT) <- [1]
2026-05-13 16:15:10.082 TRACE [BestMovie4you_bot Telegram Executor] org.hibernate.orm.jdbc.bind - binding parameter (2:VARCHAR) <- [Brazil]
2026-05-13 16:15:10.082 DEBUG [BestMovie4you_bot Telegram Executor] org.hibernate.SQL - select case when count(fe1_0.id)>0 then 1 else 0 end from films fe1_0 where fe1_0.user_id=? and fe1_0.original_title=?
2026-05-13 16:15:10.083 TRACE [BestMovie4you_bot Telegram Executor] org.hibernate.orm.jdbc.bind - binding parameter (1:BIGINT) <- [1]
2026-05-13 16:15:10.083 TRACE [BestMovie4you_bot Telegram Executor] org.hibernate.orm.jdbc.bind - binding parameter (2:VARCHAR) <- [Galaxy Quest]
2026-05-13 16:15:10.083 DEBUG [BestMovie4you_bot Telegram Executor] org.hibernate.SQL - select case when count(fe1_0.id)>0 then 1 else 0 end from films fe1_0 where fe1_0.user_id=? and fe1_0.original_title=?
2026-05-13 16:15:10.083 TRACE [BestMovie4you_bot Telegram Executor] org.hibernate.orm.jdbc.bind - binding parameter (1:BIGINT) <- [1]
2026-05-13 16:15:10.083 TRACE [BestMovie4you_bot Telegram Executor] org.hibernate.orm.jdbc.bind - binding parameter (2:VARCHAR) <- [Palm Springs]
2026-05-13 16:15:10.083 DEBUG [BestMovie4you_bot Telegram Executor] org.hibernate.SQL - select case when count(fe1_0.id)>0 then 1 else 0 end from films fe1_0 where fe1_0.user_id=? and fe1_0.original_title=?
2026-05-13 16:15:10.083 TRACE [BestMovie4you_bot Telegram Executor] org.hibernate.orm.jdbc.bind - binding parameter (1:BIGINT) <- [1]
2026-05-13 16:15:10.083 TRACE [BestMovie4you_bot Telegram Executor] org.hibernate.orm.jdbc.bind - binding parameter (2:VARCHAR) <- [The Return of the Living Dead]
2026-05-13 16:15:10.085 DEBUG [BestMovie4you_bot Telegram Executor] org.hibernate.SQL - select case when count(fe1_0.id)>0 then 1 else 0 end from films fe1_0 where fe1_0.user_id=? and fe1_0.original_title=?
2026-05-13 16:15:10.085 TRACE [BestMovie4you_bot Telegram Executor] org.hibernate.orm.jdbc.bind - binding parameter (1:BIGINT) <- [1]
2026-05-13 16:15:10.085 TRACE [BestMovie4you_bot Telegram Executor] org.hibernate.orm.jdbc.bind - binding parameter (2:VARCHAR) <- [DC League of Super-Pets]
2026-05-13 16:15:10.085 DEBUG [BestMovie4you_bot Telegram Executor] org.hibernate.SQL - select case when count(fe1_0.id)>0 then 1 else 0 end from films fe1_0 where fe1_0.user_id=? and fe1_0.original_title=?
2026-05-13 16:15:10.085 TRACE [BestMovie4you_bot Telegram Executor] org.hibernate.orm.jdbc.bind - binding parameter (1:BIGINT) <- [1]
2026-05-13 16:15:10.085 TRACE [BestMovie4you_bot Telegram Executor] org.hibernate.orm.jdbc.bind - binding parameter (2:VARCHAR) <- [Ron's Gone Wrong]
2026-05-13 16:15:10.085 DEBUG [BestMovie4you_bot Telegram Executor] org.hibernate.SQL - select case when count(fe1_0.id)>0 then 1 else 0 end from films fe1_0 where fe1_0.user_id=? and fe1_0.original_title=?
2026-05-13 16:15:10.085 TRACE [BestMovie4you_bot Telegram Executor] org.hibernate.orm.jdbc.bind - binding parameter (1:BIGINT) <- [1]
2026-05-13 16:15:10.085 TRACE [BestMovie4you_bot Telegram Executor] org.hibernate.orm.jdbc.bind - binding parameter (2:VARCHAR) <- [Love and Monsters]
2026-05-13 16:15:10.085 DEBUG [BestMovie4you_bot Telegram Executor] org.hibernate.SQL - select case when count(fe1_0.id)>0 then 1 else 0 end from films fe1_0 where fe1_0.user_id=? and fe1_0.original_title=?
2026-05-13 16:15:10.085 TRACE [BestMovie4you_bot Telegram Executor] org.hibernate.orm.jdbc.bind - binding parameter (1:BIGINT) <- [1]
2026-05-13 16:15:10.085 TRACE [BestMovie4you_bot Telegram Executor] org.hibernate.orm.jdbc.bind - binding parameter (2:VARCHAR) <- [Nirvanna the Band the Show the Movie]
2026-05-13 16:15:10.087 DEBUG [BestMovie4you_bot Telegram Executor] org.hibernate.SQL - select case when count(fe1_0.id)>0 then 1 else 0 end from films fe1_0 where fe1_0.user_id=? and fe1_0.original_title=?
2026-05-13 16:15:10.087 TRACE [BestMovie4you_bot Telegram Executor] org.hibernate.orm.jdbc.bind - binding parameter (1:BIGINT) <- [1]
2026-05-13 16:15:10.087 TRACE [BestMovie4you_bot Telegram Executor] org.hibernate.orm.jdbc.bind - binding parameter (2:VARCHAR) <- [Henry Danger: The Movie]
2026-05-13 16:15:10.087 DEBUG [BestMovie4you_bot Telegram Executor] org.hibernate.SQL - select case when count(fe1_0.id)>0 then 1 else 0 end from films fe1_0 where fe1_0.user_id=? and fe1_0.original_title=?
2026-05-13 16:15:10.087 TRACE [BestMovie4you_bot Telegram Executor] org.hibernate.orm.jdbc.bind - binding parameter (1:BIGINT) <- [1]
2026-05-13 16:15:10.087 TRACE [BestMovie4you_bot Telegram Executor] org.hibernate.orm.jdbc.bind - binding parameter (2:VARCHAR) <- [The Guardians of the Galaxy Holiday Special]
2026-05-13 16:15:10.088 DEBUG [BestMovie4you_bot Telegram Executor] org.hibernate.SQL - select case when count(fe1_0.id)>0 then 1 else 0 end from films fe1_0 where fe1_0.user_id=? and fe1_0.original_title=?
2026-05-13 16:15:10.088 TRACE [BestMovie4you_bot Telegram Executor] org.hibernate.orm.jdbc.bind - binding parameter (1:BIGINT) <- [1]
2026-05-13 16:15:10.088 TRACE [BestMovie4you_bot Telegram Executor] org.hibernate.orm.jdbc.bind - binding parameter (2:VARCHAR) <- [Once Upon a Deadpool]
2026-05-13 16:15:10.089 DEBUG [BestMovie4you_bot Telegram Executor] org.hibernate.SQL - select case when count(fe1_0.id)>0 then 1 else 0 end from films fe1_0 where fe1_0.user_id=? and fe1_0.original_title=?
2026-05-13 16:15:10.089 TRACE [BestMovie4you_bot Telegram Executor] org.hibernate.orm.jdbc.bind - binding parameter (1:BIGINT) <- [1]
2026-05-13 16:15:10.089 TRACE [BestMovie4you_bot Telegram Executor] org.hibernate.orm.jdbc.bind - binding parameter (2:VARCHAR) <- [Jules]
2026-05-13 16:15:10.089 DEBUG [BestMovie4you_bot Telegram Executor] org.hibernate.SQL - select case when count(fe1_0.id)>0 then 1 else 0 end from films fe1_0 where fe1_0.user_id=? and fe1_0.original_title=?
2026-05-13 16:15:10.090 TRACE [BestMovie4you_bot Telegram Executor] org.hibernate.orm.jdbc.bind - binding parameter (1:BIGINT) <- [1]
2026-05-13 16:15:10.090 TRACE [BestMovie4you_bot Telegram Executor] org.hibernate.orm.jdbc.bind - binding parameter (2:VARCHAR) <- [A Grand Day Out]
2026-05-13 16:15:10.090 DEBUG [BestMovie4you_bot Telegram Executor] org.hibernate.SQL - select case when count(fe1_0.id)>0 then 1 else 0 end from films fe1_0 where fe1_0.user_id=? and fe1_0.original_title=?
2026-05-13 16:15:10.090 TRACE [BestMovie4you_bot Telegram Executor] org.hibernate.orm.jdbc.bind - binding parameter (1:BIGINT) <- [1]
2026-05-13 16:15:10.090 TRACE [BestMovie4you_bot Telegram Executor] org.hibernate.orm.jdbc.bind - binding parameter (2:VARCHAR) <- [Batman vs Teenage Mutant Ninja Turtles]
2026-05-13 16:15:10.090 DEBUG [BestMovie4you_bot Telegram Executor] org.hibernate.SQL - select case when count(fe1_0.id)>0 then 1 else 0 end from films fe1_0 where fe1_0.user_id=? and fe1_0.original_title=?
2026-05-13 16:15:10.091 TRACE [BestMovie4you_bot Telegram Executor] org.hibernate.orm.jdbc.bind - binding parameter (1:BIGINT) <- [1]
2026-05-13 16:15:10.091 TRACE [BestMovie4you_bot Telegram Executor] org.hibernate.orm.jdbc.bind - binding parameter (2:VARCHAR) <- [Status Update]
2026-05-13 16:15:10.091 DEBUG [BestMovie4you_bot Telegram Executor] org.hibernate.SQL - select case when count(fe1_0.id)>0 then 1 else 0 end from films fe1_0 where fe1_0.user_id=? and fe1_0.original_title=?
2026-05-13 16:15:10.091 TRACE [BestMovie4you_bot Telegram Executor] org.hibernate.orm.jdbc.bind - binding parameter (1:BIGINT) <- [1]
2026-05-13 16:15:10.091 TRACE [BestMovie4you_bot Telegram Executor] org.hibernate.orm.jdbc.bind - binding parameter (2:VARCHAR) <- [Teen Titans Go! To the Movies]
2026-05-13 16:15:10.091 DEBUG [BestMovie4you_bot Telegram Executor] org.hibernate.SQL - select case when count(fe1_0.id)>0 then 1 else 0 end from films fe1_0 where fe1_0.user_id=? and fe1_0.original_title=?
2026-05-13 16:15:10.094 TRACE [BestMovie4you_bot Telegram Executor] org.hibernate.orm.jdbc.bind - binding parameter (1:BIGINT) <- [1]
2026-05-13 16:15:10.094 TRACE [BestMovie4you_bot Telegram Executor] org.hibernate.orm.jdbc.bind - binding parameter (2:VARCHAR) <- [The Day the Earth Blew Up: A Looney Tunes Movie]
2026-05-13 16:15:10.096 DEBUG [BestMovie4you_bot Telegram Executor] org.hibernate.SQL - select case when count(fe1_0.id)>0 then 1 else 0 end from films fe1_0 where fe1_0.user_id=? and fe1_0.original_title=?
2026-05-13 16:15:10.097 TRACE [BestMovie4you_bot Telegram Executor] org.hibernate.orm.jdbc.bind - binding parameter (1:BIGINT) <- [1]
2026-05-13 16:15:10.097 TRACE [BestMovie4you_bot Telegram Executor] org.hibernate.orm.jdbc.bind - binding parameter (2:VARCHAR) <- [Teen Titans Go! vs. Teen Titans]
2026-05-13 16:15:10.097 DEBUG [BestMovie4you_bot Telegram Executor] org.hibernate.SQL - select case when count(fe1_0.id)>0 then 1 else 0 end from films fe1_0 where fe1_0.user_id=? and fe1_0.original_title=?
2026-05-13 16:15:10.097 TRACE [BestMovie4you_bot Telegram Executor] org.hibernate.orm.jdbc.bind - binding parameter (1:BIGINT) <- [1]
2026-05-13 16:15:10.097 TRACE [BestMovie4you_bot Telegram Executor] org.hibernate.orm.jdbc.bind - binding parameter (2:VARCHAR) <- [Phineas and Ferb the Movie: Candace Against the Universe]
2026-05-13 16:15:10.097 DEBUG [BestMovie4you_bot Telegram Executor] org.hibernate.SQL - select case when count(fe1_0.id)>0 then 1 else 0 end from films fe1_0 where fe1_0.user_id=? and fe1_0.original_title=?
2026-05-13 16:15:10.097 TRACE [BestMovie4you_bot Telegram Executor] org.hibernate.orm.jdbc.bind - binding parameter (1:BIGINT) <- [1]
2026-05-13 16:15:10.097 TRACE [BestMovie4you_bot Telegram Executor] org.hibernate.orm.jdbc.bind - binding parameter (2:VARCHAR) <- [Phineas and Ferb The Movie: Across the 2nd Dimension]
2026-05-13 16:15:10.097 DEBUG [BestMovie4you_bot Telegram Executor] org.hibernate.SQL - select case when count(fe1_0.id)>0 then 1 else 0 end from films fe1_0 where fe1_0.user_id=? and fe1_0.original_title=?
2026-05-13 16:15:10.097 TRACE [BestMovie4you_bot Telegram Executor] org.hibernate.orm.jdbc.bind - binding parameter (1:BIGINT) <- [1]
2026-05-13 16:15:10.097 TRACE [BestMovie4you_bot Telegram Executor] org.hibernate.orm.jdbc.bind - binding parameter (2:VARCHAR) <- [Kung Fury]
2026-05-13 16:15:10.098 DEBUG [BestMovie4you_bot Telegram Executor] org.hibernate.SQL - select case when count(fe1_0.id)>0 then 1 else 0 end from films fe1_0 where fe1_0.user_id=? and fe1_0.original_title=?
2026-05-13 16:15:10.098 TRACE [BestMovie4you_bot Telegram Executor] org.hibernate.orm.jdbc.bind - binding parameter (1:BIGINT) <- [1]
2026-05-13 16:15:10.098 TRACE [BestMovie4you_bot Telegram Executor] org.hibernate.orm.jdbc.bind - binding parameter (2:VARCHAR) <- [Rise of the Teenage Mutant Ninja Turtles: The Movie]
2026-05-13 16:15:10.098 DEBUG [BestMovie4you_bot Telegram Executor] org.hibernate.SQL - select case when count(fe1_0.id)>0 then 1 else 0 end from films fe1_0 where fe1_0.user_id=? and fe1_0.original_title=?
2026-05-13 16:15:10.098 TRACE [BestMovie4you_bot Telegram Executor] org.hibernate.orm.jdbc.bind - binding parameter (1:BIGINT) <- [1]
2026-05-13 16:15:10.098 TRACE [BestMovie4you_bot Telegram Executor] org.hibernate.orm.jdbc.bind - binding parameter (2:VARCHAR) <- [Please Hold]
2026-05-13 16:15:10.099 DEBUG [BestMovie4you_bot Telegram Executor] org.hibernate.SQL - select case when count(fe1_0.id)>0 then 1 else 0 end from films fe1_0 where fe1_0.user_id=? and fe1_0.original_title=?
2026-05-13 16:15:10.099 TRACE [BestMovie4you_bot Telegram Executor] org.hibernate.orm.jdbc.bind - binding parameter (1:BIGINT) <- [1]
2026-05-13 16:15:10.099 TRACE [BestMovie4you_bot Telegram Executor] org.hibernate.orm.jdbc.bind - binding parameter (2:VARCHAR) <- [BURN·E]
2026-05-13 16:15:10.099 DEBUG [BestMovie4you_bot Telegram Executor] org.hibernate.SQL - select case when count(fe1_0.id)>0 then 1 else 0 end from films fe1_0 where fe1_0.user_id=? and fe1_0.original_title=?
2026-05-13 16:15:10.099 TRACE [BestMovie4you_bot Telegram Executor] org.hibernate.orm.jdbc.bind - binding parameter (1:BIGINT) <- [1]
2026-05-13 16:15:10.099 TRACE [BestMovie4you_bot Telegram Executor] org.hibernate.orm.jdbc.bind - binding parameter (2:VARCHAR) <- [Big City Greens the Movie: Spacecation]
2026-05-13 16:15:10.100 DEBUG [BestMovie4you_bot Telegram Executor] org.hibernate.SQL - select case when count(fe1_0.id)>0 then 1 else 0 end from films fe1_0 where fe1_0.user_id=? and fe1_0.original_title=?
2026-05-13 16:15:10.100 TRACE [BestMovie4you_bot Telegram Executor] org.hibernate.orm.jdbc.bind - binding parameter (1:BIGINT) <- [1]
2026-05-13 16:15:10.100 TRACE [BestMovie4you_bot Telegram Executor] org.hibernate.orm.jdbc.bind - binding parameter (2:VARCHAR) <- [South Park: Joining the Panderverse]
2026-05-13 16:15:10.100 DEBUG [BestMovie4you_bot Telegram Executor] org.hibernate.SQL - select case when count(fe1_0.id)>0 then 1 else 0 end from films fe1_0 where fe1_0.user_id=? and fe1_0.original_title=?
2026-05-13 16:15:10.100 TRACE [BestMovie4you_bot Telegram Executor] org.hibernate.orm.jdbc.bind - binding parameter (1:BIGINT) <- [1]
2026-05-13 16:15:10.100 TRACE [BestMovie4you_bot Telegram Executor] org.hibernate.orm.jdbc.bind - binding parameter (2:VARCHAR) <- [Futurama: Bender's Big Score]
2026-05-13 16:15:10.101 DEBUG [BestMovie4you_bot Telegram Executor] org.hibernate.SQL - select case when count(fe1_0.id)>0 then 1 else 0 end from films fe1_0 where fe1_0.user_id=? and fe1_0.original_title=?
2026-05-13 16:15:10.101 TRACE [BestMovie4you_bot Telegram Executor] org.hibernate.orm.jdbc.bind - binding parameter (1:BIGINT) <- [1]
2026-05-13 16:15:10.101 TRACE [BestMovie4you_bot Telegram Executor] org.hibernate.orm.jdbc.bind - binding parameter (2:VARCHAR) <- [Team Thor]
2026-05-13 16:15:27.450 DEBUG [BestMovie4you_bot Telegram Executor] org.hibernate.SQL - select ue1_0.id,ue1_0.chat_id,ue1_0.name,ue1_0.user_tg_id from users ue1_0 where ue1_0.user_tg_id=?
2026-05-13 16:15:27.450 TRACE [BestMovie4you_bot Telegram Executor] org.hibernate.orm.jdbc.bind - binding parameter (1:BIGINT) <- [1364198563]
2026-05-13 16:15:27.464 DEBUG [BestMovie4you_bot Telegram Executor] org.hibernate.SQL - INSERT INTO films (original_title, user_id) VALUES (?, ?)
2026-05-13 16:15:27.464 TRACE [BestMovie4you_bot Telegram Executor] org.hibernate.orm.jdbc.bind - binding parameter (1:VARCHAR) <- [Back to the Future]
2026-05-13 16:15:27.464 TRACE [BestMovie4you_bot Telegram Executor] org.hibernate.orm.jdbc.bind - binding parameter (2:BIGINT) <- [1]
2026-05-13 16:15:42.577 DEBUG [BestMovie4you_bot Telegram Executor] org.hibernate.SQL - select ue1_0.id,ue1_0.chat_id,ue1_0.name,ue1_0.user_tg_id from users ue1_0 where ue1_0.user_tg_id=?
2026-05-13 16:15:42.578 TRACE [BestMovie4you_bot Telegram Executor] org.hibernate.orm.jdbc.bind - binding parameter (1:BIGINT) <- [1364198563]
2026-05-13 16:15:42.578 DEBUG [BestMovie4you_bot Telegram Executor] org.hibernate.SQL - INSERT INTO films (original_title, user_id) VALUES (?, ?)
2026-05-13 16:15:42.578 TRACE [BestMovie4you_bot Telegram Executor] org.hibernate.orm.jdbc.bind - binding parameter (1:VARCHAR) <- [Free Guy]
2026-05-13 16:15:42.578 TRACE [BestMovie4you_bot Telegram Executor] org.hibernate.orm.jdbc.bind - binding parameter (2:BIGINT) <- [1]
2026-05-13 16:17:43.838 DEBUG [BestMovie4you_bot Telegram Executor] org.hibernate.SQL - select ue1_0.id,ue1_0.chat_id,ue1_0.name,ue1_0.user_tg_id from users ue1_0 where ue1_0.user_tg_id=?
2026-05-13 16:17:43.838 TRACE [BestMovie4you_bot Telegram Executor] org.hibernate.orm.jdbc.bind - binding parameter (1:BIGINT) <- [1364198563]
2026-05-13 16:17:53.085 DEBUG [BestMovie4you_bot Telegram Executor] org.hibernate.SQL - select case when count(fe1_0.id)>0 then 1 else 0 end from films fe1_0 where fe1_0.user_id=? and fe1_0.original_title=?
2026-05-13 16:17:53.085 TRACE [BestMovie4you_bot Telegram Executor] org.hibernate.orm.jdbc.bind - binding parameter (1:BIGINT) <- [1]
2026-05-13 16:17:53.086 TRACE [BestMovie4you_bot Telegram Executor] org.hibernate.orm.jdbc.bind - binding parameter (2:VARCHAR) <- [Swapped]
2026-05-13 16:17:53.087 DEBUG [BestMovie4you_bot Telegram Executor] org.hibernate.SQL - select case when count(fe1_0.id)>0 then 1 else 0 end from films fe1_0 where fe1_0.user_id=? and fe1_0.original_title=?
2026-05-13 16:17:53.087 TRACE [BestMovie4you_bot Telegram Executor] org.hibernate.orm.jdbc.bind - binding parameter (1:BIGINT) <- [1]
2026-05-13 16:17:53.087 TRACE [BestMovie4you_bot Telegram Executor] org.hibernate.orm.jdbc.bind - binding parameter (2:VARCHAR) <- [The Devil Wears Prada]
2026-05-13 16:17:53.088 DEBUG [BestMovie4you_bot Telegram Executor] org.hibernate.SQL - select case when count(fe1_0.id)>0 then 1 else 0 end from films fe1_0 where fe1_0.user_id=? and fe1_0.original_title=?
2026-05-13 16:17:53.088 TRACE [BestMovie4you_bot Telegram Executor] org.hibernate.orm.jdbc.bind - binding parameter (1:BIGINT) <- [1]
2026-05-13 16:17:53.088 TRACE [BestMovie4you_bot Telegram Executor] org.hibernate.orm.jdbc.bind - binding parameter (2:VARCHAR) <- [Michael]
2026-05-13 16:17:53.088 DEBUG [BestMovie4you_bot Telegram Executor] org.hibernate.SQL - select case when count(fe1_0.id)>0 then 1 else 0 end from films fe1_0 where fe1_0.user_id=? and fe1_0.original_title=?
2026-05-13 16:17:53.088 TRACE [BestMovie4you_bot Telegram Executor] org.hibernate.orm.jdbc.bind - binding parameter (1:BIGINT) <- [1]
2026-05-13 16:17:53.088 TRACE [BestMovie4you_bot Telegram Executor] org.hibernate.orm.jdbc.bind - binding parameter (2:VARCHAR) <- [Remarkably Bright Creatures]
2026-05-13 16:17:53.089 DEBUG [BestMovie4you_bot Telegram Executor] org.hibernate.SQL - select case when count(fe1_0.id)>0 then 1 else 0 end from films fe1_0 where fe1_0.user_id=? and fe1_0.original_title=?
2026-05-13 16:17:53.089 TRACE [BestMovie4you_bot Telegram Executor] org.hibernate.orm.jdbc.bind - binding parameter (1:BIGINT) <- [1]
2026-05-13 16:17:53.089 TRACE [BestMovie4you_bot Telegram Executor] org.hibernate.orm.jdbc.bind - binding parameter (2:VARCHAR) <- [Apocalypto]
2026-05-13 16:17:53.090 DEBUG [BestMovie4you_bot Telegram Executor] org.hibernate.SQL - select case when count(fe1_0.id)>0 then 1 else 0 end from films fe1_0 where fe1_0.user_id=? and fe1_0.original_title=?
2026-05-13 16:17:53.090 TRACE [BestMovie4you_bot Telegram Executor] org.hibernate.orm.jdbc.bind - binding parameter (1:BIGINT) <- [1]
2026-05-13 16:17:53.090 TRACE [BestMovie4you_bot Telegram Executor] org.hibernate.orm.jdbc.bind - binding parameter (2:VARCHAR) <- [Interstellar]
2026-05-13 16:17:53.091 DEBUG [BestMovie4you_bot Telegram Executor] org.hibernate.SQL - select case when count(fe1_0.id)>0 then 1 else 0 end from films fe1_0 where fe1_0.user_id=? and fe1_0.original_title=?
2026-05-13 16:17:53.091 TRACE [BestMovie4you_bot Telegram Executor] org.hibernate.orm.jdbc.bind - binding parameter (1:BIGINT) <- [1]
2026-05-13 16:17:53.091 TRACE [BestMovie4you_bot Telegram Executor] org.hibernate.orm.jdbc.bind - binding parameter (2:VARCHAR) <- [The Shawshank Redemption]
2026-05-13 16:17:53.091 DEBUG [BestMovie4you_bot Telegram Executor] org.hibernate.SQL - select case when count(fe1_0.id)>0 then 1 else 0 end from films fe1_0 where fe1_0.user_id=? and fe1_0.original_title=?
2026-05-13 16:17:53.092 TRACE [BestMovie4you_bot Telegram Executor] org.hibernate.orm.jdbc.bind - binding parameter (1:BIGINT) <- [1]
2026-05-13 16:17:53.092 TRACE [BestMovie4you_bot Telegram Executor] org.hibernate.orm.jdbc.bind - binding parameter (2:VARCHAR) <- [F1]
2026-05-13 16:17:53.092 DEBUG [BestMovie4you_bot Telegram Executor] org.hibernate.SQL - select case when count(fe1_0.id)>0 then 1 else 0 end from films fe1_0 where fe1_0.user_id=? and fe1_0.original_title=?
2026-05-13 16:17:53.092 TRACE [BestMovie4you_bot Telegram Executor] org.hibernate.orm.jdbc.bind - binding parameter (1:BIGINT) <- [1]
2026-05-13 16:17:53.092 TRACE [BestMovie4you_bot Telegram Executor] org.hibernate.orm.jdbc.bind - binding parameter (2:VARCHAR) <- [The Godfather]
2026-05-13 16:17:53.092 DEBUG [BestMovie4you_bot Telegram Executor] org.hibernate.SQL - select case when count(fe1_0.id)>0 then 1 else 0 end from films fe1_0 where fe1_0.user_id=? and fe1_0.original_title=?
2026-05-13 16:17:53.092 TRACE [BestMovie4you_bot Telegram Executor] org.hibernate.orm.jdbc.bind - binding parameter (1:BIGINT) <- [1]
2026-05-13 16:17:53.092 TRACE [BestMovie4you_bot Telegram Executor] org.hibernate.orm.jdbc.bind - binding parameter (2:VARCHAR) <- [A Marvel Television Special Presentation - The Punisher: One Last Kill]
2026-05-13 16:17:53.093 DEBUG [BestMovie4you_bot Telegram Executor] org.hibernate.SQL - select case when count(fe1_0.id)>0 then 1 else 0 end from films fe1_0 where fe1_0.user_id=? and fe1_0.original_title=?
2026-05-13 16:17:53.093 TRACE [BestMovie4you_bot Telegram Executor] org.hibernate.orm.jdbc.bind - binding parameter (1:BIGINT) <- [1]
2026-05-13 16:17:53.093 TRACE [BestMovie4you_bot Telegram Executor] org.hibernate.orm.jdbc.bind - binding parameter (2:VARCHAR) <- [Top Gun: Maverick]
2026-05-13 16:17:53.093 DEBUG [BestMovie4you_bot Telegram Executor] org.hibernate.SQL - select case when count(fe1_0.id)>0 then 1 else 0 end from films fe1_0 where fe1_0.user_id=? and fe1_0.original_title=?
2026-05-13 16:17:53.093 TRACE [BestMovie4you_bot Telegram Executor] org.hibernate.orm.jdbc.bind - binding parameter (1:BIGINT) <- [1]
2026-05-13 16:17:53.093 TRACE [BestMovie4you_bot Telegram Executor] org.hibernate.orm.jdbc.bind - binding parameter (2:VARCHAR) <- [Reminders of Him]
2026-05-13 16:17:53.094 DEBUG [BestMovie4you_bot Telegram Executor] org.hibernate.SQL - select case when count(fe1_0.id)>0 then 1 else 0 end from films fe1_0 where fe1_0.user_id=? and fe1_0.original_title=?
2026-05-13 16:17:53.094 TRACE [BestMovie4you_bot Telegram Executor] org.hibernate.orm.jdbc.bind - binding parameter (1:BIGINT) <- [1]
2026-05-13 16:17:53.094 TRACE [BestMovie4you_bot Telegram Executor] org.hibernate.orm.jdbc.bind - binding parameter (2:VARCHAR) <- [Forrest Gump]
2026-05-13 16:17:53.094 DEBUG [BestMovie4you_bot Telegram Executor] org.hibernate.SQL - select case when count(fe1_0.id)>0 then 1 else 0 end from films fe1_0 where fe1_0.user_id=? and fe1_0.original_title=?
2026-05-13 16:17:53.095 TRACE [BestMovie4you_bot Telegram Executor] org.hibernate.orm.jdbc.bind - binding parameter (1:BIGINT) <- [1]
2026-05-13 16:17:53.095 TRACE [BestMovie4you_bot Telegram Executor] org.hibernate.orm.jdbc.bind - binding parameter (2:VARCHAR) <- [Fight Club]
2026-05-13 16:17:53.095 DEBUG [BestMovie4you_bot Telegram Executor] org.hibernate.SQL - select case when count(fe1_0.id)>0 then 1 else 0 end from films fe1_0 where fe1_0.user_id=? and fe1_0.original_title=?
2026-05-13 16:17:53.095 TRACE [BestMovie4you_bot Telegram Executor] org.hibernate.orm.jdbc.bind - binding parameter (1:BIGINT) <- [1]
2026-05-13 16:17:53.095 TRACE [BestMovie4you_bot Telegram Executor] org.hibernate.orm.jdbc.bind - binding parameter (2:VARCHAR) <- [GoodFellas]
2026-05-13 16:17:53.096 DEBUG [BestMovie4you_bot Telegram Executor] org.hibernate.SQL - select case when count(fe1_0.id)>0 then 1 else 0 end from films fe1_0 where fe1_0.user_id=? and fe1_0.original_title=?
2026-05-13 16:17:53.096 TRACE [BestMovie4you_bot Telegram Executor] org.hibernate.orm.jdbc.bind - binding parameter (1:BIGINT) <- [1]
2026-05-13 16:17:53.096 TRACE [BestMovie4you_bot Telegram Executor] org.hibernate.orm.jdbc.bind - binding parameter (2:VARCHAR) <- [Nuremberg]
2026-05-13 16:17:53.096 DEBUG [BestMovie4you_bot Telegram Executor] org.hibernate.SQL - select case when count(fe1_0.id)>0 then 1 else 0 end from films fe1_0 where fe1_0.user_id=? and fe1_0.original_title=?
2026-05-13 16:17:53.096 TRACE [BestMovie4you_bot Telegram Executor] org.hibernate.orm.jdbc.bind - binding parameter (1:BIGINT) <- [1]
2026-05-13 16:17:53.096 TRACE [BestMovie4you_bot Telegram Executor] org.hibernate.orm.jdbc.bind - binding parameter (2:VARCHAR) <- [Oppenheimer]
2026-05-13 16:17:53.097 DEBUG [BestMovie4you_bot Telegram Executor] org.hibernate.SQL - select case when count(fe1_0.id)>0 then 1 else 0 end from films fe1_0 where fe1_0.user_id=? and fe1_0.original_title=?
2026-05-13 16:17:53.097 TRACE [BestMovie4you_bot Telegram Executor] org.hibernate.orm.jdbc.bind - binding parameter (1:BIGINT) <- [1]
2026-05-13 16:17:53.097 TRACE [BestMovie4you_bot Telegram Executor] org.hibernate.orm.jdbc.bind - binding parameter (2:VARCHAR) <- [Titanic]
2026-05-13 16:17:53.097 DEBUG [BestMovie4you_bot Telegram Executor] org.hibernate.SQL - select case when count(fe1_0.id)>0 then 1 else 0 end from films fe1_0 where fe1_0.user_id=? and fe1_0.original_title=?
2026-05-13 16:17:53.098 TRACE [BestMovie4you_bot Telegram Executor] org.hibernate.orm.jdbc.bind - binding parameter (1:BIGINT) <- [1]
2026-05-13 16:17:53.098 TRACE [BestMovie4you_bot Telegram Executor] org.hibernate.orm.jdbc.bind - binding parameter (2:VARCHAR) <- [Schindler's List]
2026-05-13 16:17:53.098 DEBUG [BestMovie4you_bot Telegram Executor] org.hibernate.SQL - select case when count(fe1_0.id)>0 then 1 else 0 end from films fe1_0 where fe1_0.user_id=? and fe1_0.original_title=?
2026-05-13 16:17:53.098 TRACE [BestMovie4you_bot Telegram Executor] org.hibernate.orm.jdbc.bind - binding parameter (1:BIGINT) <- [1]
2026-05-13 16:17:53.098 TRACE [BestMovie4you_bot Telegram Executor] org.hibernate.orm.jdbc.bind - binding parameter (2:VARCHAR) <- [The Godfather Part II]
2026-05-13 16:17:53.098 DEBUG [BestMovie4you_bot Telegram Executor] org.hibernate.SQL - select case when count(fe1_0.id)>0 then 1 else 0 end from films fe1_0 where fe1_0.user_id=? and fe1_0.original_title=?
2026-05-13 16:17:53.098 TRACE [BestMovie4you_bot Telegram Executor] org.hibernate.orm.jdbc.bind - binding parameter (1:BIGINT) <- [1]
2026-05-13 16:17:53.098 TRACE [BestMovie4you_bot Telegram Executor] org.hibernate.orm.jdbc.bind - binding parameter (2:VARCHAR) <- [The Green Mile]
2026-05-13 16:17:53.099 DEBUG [BestMovie4you_bot Telegram Executor] org.hibernate.SQL - select case when count(fe1_0.id)>0 then 1 else 0 end from films fe1_0 where fe1_0.user_id=? and fe1_0.original_title=?
2026-05-13 16:17:53.099 TRACE [BestMovie4you_bot Telegram Executor] org.hibernate.orm.jdbc.bind - binding parameter (1:BIGINT) <- [1]
2026-05-13 16:17:53.099 TRACE [BestMovie4you_bot Telegram Executor] org.hibernate.orm.jdbc.bind - binding parameter (2:VARCHAR) <- [Marty Supreme]
2026-05-13 16:17:53.100 DEBUG [BestMovie4you_bot Telegram Executor] org.hibernate.SQL - select case when count(fe1_0.id)>0 then 1 else 0 end from films fe1_0 where fe1_0.user_id=? and fe1_0.original_title=?
2026-05-13 16:17:53.100 TRACE [BestMovie4you_bot Telegram Executor] org.hibernate.orm.jdbc.bind - binding parameter (1:BIGINT) <- [1]
2026-05-13 16:17:53.100 TRACE [BestMovie4you_bot Telegram Executor] org.hibernate.orm.jdbc.bind - binding parameter (2:VARCHAR) <- [David]
2026-05-13 16:17:53.100 DEBUG [BestMovie4you_bot Telegram Executor] org.hibernate.SQL - select case when count(fe1_0.id)>0 then 1 else 0 end from films fe1_0 where fe1_0.user_id=? and fe1_0.original_title=?
2026-05-13 16:17:53.101 TRACE [BestMovie4you_bot Telegram Executor] org.hibernate.orm.jdbc.bind - binding parameter (1:BIGINT) <- [1]
2026-05-13 16:17:53.101 TRACE [BestMovie4you_bot Telegram Executor] org.hibernate.orm.jdbc.bind - binding parameter (2:VARCHAR) <- [The Wolf of Wall Street]
2026-05-13 16:17:53.101 DEBUG [BestMovie4you_bot Telegram Executor] org.hibernate.SQL - select case when count(fe1_0.id)>0 then 1 else 0 end from films fe1_0 where fe1_0.user_id=? and fe1_0.original_title=?
2026-05-13 16:17:53.101 TRACE [BestMovie4you_bot Telegram Executor] org.hibernate.orm.jdbc.bind - binding parameter (1:BIGINT) <- [1]
2026-05-13 16:17:53.101 TRACE [BestMovie4you_bot Telegram Executor] org.hibernate.orm.jdbc.bind - binding parameter (2:VARCHAR) <- [Inside Out]
2026-05-13 16:17:53.101 DEBUG [BestMovie4you_bot Telegram Executor] org.hibernate.SQL - select case when count(fe1_0.id)>0 then 1 else 0 end from films fe1_0 where fe1_0.user_id=? and fe1_0.original_title=?
2026-05-13 16:17:53.102 TRACE [BestMovie4you_bot Telegram Executor] org.hibernate.orm.jdbc.bind - binding parameter (1:BIGINT) <- [1]
2026-05-13 16:17:53.102 TRACE [BestMovie4you_bot Telegram Executor] org.hibernate.orm.jdbc.bind - binding parameter (2:VARCHAR) <- [Hamnet]
2026-05-13 16:17:53.102 DEBUG [BestMovie4you_bot Telegram Executor] org.hibernate.SQL - select case when count(fe1_0.id)>0 then 1 else 0 end from films fe1_0 where fe1_0.user_id=? and fe1_0.original_title=?
2026-05-13 16:17:53.102 TRACE [BestMovie4you_bot Telegram Executor] org.hibernate.orm.jdbc.bind - binding parameter (1:BIGINT) <- [1]
2026-05-13 16:17:53.102 TRACE [BestMovie4you_bot Telegram Executor] org.hibernate.orm.jdbc.bind - binding parameter (2:VARCHAR) <- [Blade Runner 2049]
2026-05-13 16:17:53.103 DEBUG [BestMovie4you_bot Telegram Executor] org.hibernate.SQL - select case when count(fe1_0.id)>0 then 1 else 0 end from films fe1_0 where fe1_0.user_id=? and fe1_0.original_title=?
2026-05-13 16:17:53.107 TRACE [BestMovie4you_bot Telegram Executor] org.hibernate.orm.jdbc.bind - binding parameter (1:BIGINT) <- [1]
2026-05-13 16:17:53.107 TRACE [BestMovie4you_bot Telegram Executor] org.hibernate.orm.jdbc.bind - binding parameter (2:VARCHAR) <- [The Lion King]
2026-05-13 16:17:53.107 DEBUG [BestMovie4you_bot Telegram Executor] org.hibernate.SQL - select case when count(fe1_0.id)>0 then 1 else 0 end from films fe1_0 where fe1_0.user_id=? and fe1_0.original_title=?
2026-05-13 16:17:53.107 TRACE [BestMovie4you_bot Telegram Executor] org.hibernate.orm.jdbc.bind - binding parameter (1:BIGINT) <- [1]
2026-05-13 16:17:53.107 TRACE [BestMovie4you_bot Telegram Executor] org.hibernate.orm.jdbc.bind - binding parameter (2:VARCHAR) <- [Peaky Blinders: The Immortal Man]
2026-05-13 16:17:53.108 DEBUG [BestMovie4you_bot Telegram Executor] org.hibernate.SQL - select case when count(fe1_0.id)>0 then 1 else 0 end from films fe1_0 where fe1_0.user_id=? and fe1_0.original_title=?
2026-05-13 16:17:53.108 TRACE [BestMovie4you_bot Telegram Executor] org.hibernate.orm.jdbc.bind - binding parameter (1:BIGINT) <- [1]
2026-05-13 16:17:53.108 TRACE [BestMovie4you_bot Telegram Executor] org.hibernate.orm.jdbc.bind - binding parameter (2:VARCHAR) <- [12 Angry Men]
2026-05-13 16:17:53.108 DEBUG [BestMovie4you_bot Telegram Executor] org.hibernate.SQL - select case when count(fe1_0.id)>0 then 1 else 0 end from films fe1_0 where fe1_0.user_id=? and fe1_0.original_title=?
2026-05-13 16:17:53.108 TRACE [BestMovie4you_bot Telegram Executor] org.hibernate.orm.jdbc.bind - binding parameter (1:BIGINT) <- [1]
2026-05-13 16:17:53.108 TRACE [BestMovie4you_bot Telegram Executor] org.hibernate.orm.jdbc.bind - binding parameter (2:VARCHAR) <- [Whiplash]
2026-05-13 16:17:53.109 DEBUG [BestMovie4you_bot Telegram Executor] org.hibernate.SQL - select case when count(fe1_0.id)>0 then 1 else 0 end from films fe1_0 where fe1_0.user_id=? and fe1_0.original_title=?
2026-05-13 16:17:53.109 TRACE [BestMovie4you_bot Telegram Executor] org.hibernate.orm.jdbc.bind - binding parameter (1:BIGINT) <- [1]
2026-05-13 16:17:53.109 TRACE [BestMovie4you_bot Telegram Executor] org.hibernate.orm.jdbc.bind - binding parameter (2:VARCHAR) <- [Frankenstein]
2026-05-13 16:17:53.109 DEBUG [BestMovie4you_bot Telegram Executor] org.hibernate.SQL - select case when count(fe1_0.id)>0 then 1 else 0 end from films fe1_0 where fe1_0.user_id=? and fe1_0.original_title=?
2026-05-13 16:17:53.109 TRACE [BestMovie4you_bot Telegram Executor] org.hibernate.orm.jdbc.bind - binding parameter (1:BIGINT) <- [1]
2026-05-13 16:17:53.109 TRACE [BestMovie4you_bot Telegram Executor] org.hibernate.orm.jdbc.bind - binding parameter (2:VARCHAR) <- [Real Steel]
2026-05-13 16:17:53.109 DEBUG [BestMovie4you_bot Telegram Executor] org.hibernate.SQL - select case when count(fe1_0.id)>0 then 1 else 0 end from films fe1_0 where fe1_0.user_id=? and fe1_0.original_title=?
2026-05-13 16:17:53.109 TRACE [BestMovie4you_bot Telegram Executor] org.hibernate.orm.jdbc.bind - binding parameter (1:BIGINT) <- [1]
2026-05-13 16:17:53.109 TRACE [BestMovie4you_bot Telegram Executor] org.hibernate.orm.jdbc.bind - binding parameter (2:VARCHAR) <- [The Proposal]
2026-05-13 16:17:53.110 DEBUG [BestMovie4you_bot Telegram Executor] org.hibernate.SQL - select case when count(fe1_0.id)>0 then 1 else 0 end from films fe1_0 where fe1_0.user_id=? and fe1_0.original_title=?
2026-05-13 16:17:53.110 TRACE [BestMovie4you_bot Telegram Executor] org.hibernate.orm.jdbc.bind - binding parameter (1:BIGINT) <- [1]
2026-05-13 16:17:53.110 TRACE [BestMovie4you_bot Telegram Executor] org.hibernate.orm.jdbc.bind - binding parameter (2:VARCHAR) <- [It]
2026-05-13 16:17:53.110 DEBUG [BestMovie4you_bot Telegram Executor] org.hibernate.SQL - select case when count(fe1_0.id)>0 then 1 else 0 end from films fe1_0 where fe1_0.user_id=? and fe1_0.original_title=?
2026-05-13 16:17:53.110 TRACE [BestMovie4you_bot Telegram Executor] org.hibernate.orm.jdbc.bind - binding parameter (1:BIGINT) <- [1]
2026-05-13 16:17:53.110 TRACE [BestMovie4you_bot Telegram Executor] org.hibernate.orm.jdbc.bind - binding parameter (2:VARCHAR) <- [Top Gun]
2026-05-13 16:17:53.110 DEBUG [BestMovie4you_bot Telegram Executor] org.hibernate.SQL - select case when count(fe1_0.id)>0 then 1 else 0 end from films fe1_0 where fe1_0.user_id=? and fe1_0.original_title=?
2026-05-13 16:17:53.110 TRACE [BestMovie4you_bot Telegram Executor] org.hibernate.orm.jdbc.bind - binding parameter (1:BIGINT) <- [1]
2026-05-13 16:17:53.110 TRACE [BestMovie4you_bot Telegram Executor] org.hibernate.orm.jdbc.bind - binding parameter (2:VARCHAR) <- [Shutter Island]
2026-05-13 16:17:53.110 DEBUG [BestMovie4you_bot Telegram Executor] org.hibernate.SQL - select case when count(fe1_0.id)>0 then 1 else 0 end from films fe1_0 where fe1_0.user_id=? and fe1_0.original_title=?
2026-05-13 16:17:53.111 TRACE [BestMovie4you_bot Telegram Executor] org.hibernate.orm.jdbc.bind - binding parameter (1:BIGINT) <- [1]
2026-05-13 16:17:53.111 TRACE [BestMovie4you_bot Telegram Executor] org.hibernate.orm.jdbc.bind - binding parameter (2:VARCHAR) <- [The Idea of You]
2026-05-13 16:17:53.111 DEBUG [BestMovie4you_bot Telegram Executor] org.hibernate.SQL - select case when count(fe1_0.id)>0 then 1 else 0 end from films fe1_0 where fe1_0.user_id=? and fe1_0.original_title=?
2026-05-13 16:17:53.111 TRACE [BestMovie4you_bot Telegram Executor] org.hibernate.orm.jdbc.bind - binding parameter (1:BIGINT) <- [1]
2026-05-13 16:17:53.111 TRACE [BestMovie4you_bot Telegram Executor] org.hibernate.orm.jdbc.bind - binding parameter (2:VARCHAR) <- [Heat]
2026-05-13 16:17:53.111 DEBUG [BestMovie4you_bot Telegram Executor] org.hibernate.SQL - select case when count(fe1_0.id)>0 then 1 else 0 end from films fe1_0 where fe1_0.user_id=? and fe1_0.original_title=?
2026-05-13 16:17:53.111 TRACE [BestMovie4you_bot Telegram Executor] org.hibernate.orm.jdbc.bind - binding parameter (1:BIGINT) <- [1]
2026-05-13 16:17:53.111 TRACE [BestMovie4you_bot Telegram Executor] org.hibernate.orm.jdbc.bind - binding parameter (2:VARCHAR) <- [Joker]
2026-05-13 16:17:53.112 DEBUG [BestMovie4you_bot Telegram Executor] org.hibernate.SQL - select case when count(fe1_0.id)>0 then 1 else 0 end from films fe1_0 where fe1_0.user_id=? and fe1_0.original_title=?
2026-05-13 16:17:53.112 TRACE [BestMovie4you_bot Telegram Executor] org.hibernate.orm.jdbc.bind - binding parameter (1:BIGINT) <- [1]
2026-05-13 16:17:53.112 TRACE [BestMovie4you_bot Telegram Executor] org.hibernate.orm.jdbc.bind - binding parameter (2:VARCHAR) <- [The Notebook]
2026-05-13 16:17:53.112 DEBUG [BestMovie4you_bot Telegram Executor] org.hibernate.SQL - select case when count(fe1_0.id)>0 then 1 else 0 end from films fe1_0 where fe1_0.user_id=? and fe1_0.original_title=?
2026-05-13 16:17:53.112 TRACE [BestMovie4you_bot Telegram Executor] org.hibernate.orm.jdbc.bind - binding parameter (1:BIGINT) <- [1]
2026-05-13 16:17:53.112 TRACE [BestMovie4you_bot Telegram Executor] org.hibernate.orm.jdbc.bind - binding parameter (2:VARCHAR) <- [Gladiator]
2026-05-13 16:17:53.113 DEBUG [BestMovie4you_bot Telegram Executor] org.hibernate.SQL - select case when count(fe1_0.id)>0 then 1 else 0 end from films fe1_0 where fe1_0.user_id=? and fe1_0.original_title=?
2026-05-13 16:17:53.113 TRACE [BestMovie4you_bot Telegram Executor] org.hibernate.orm.jdbc.bind - binding parameter (1:BIGINT) <- [1]
2026-05-13 16:17:53.113 TRACE [BestMovie4you_bot Telegram Executor] org.hibernate.orm.jdbc.bind - binding parameter (2:VARCHAR) <- [Scarface]
2026-05-13 16:17:53.113 DEBUG [BestMovie4you_bot Telegram Executor] org.hibernate.SQL - select case when count(fe1_0.id)>0 then 1 else 0 end from films fe1_0 where fe1_0.user_id=? and fe1_0.original_title=?
2026-05-13 16:17:53.113 TRACE [BestMovie4you_bot Telegram Executor] org.hibernate.orm.jdbc.bind - binding parameter (1:BIGINT) <- [1]
2026-05-13 16:17:53.113 TRACE [BestMovie4you_bot Telegram Executor] org.hibernate.orm.jdbc.bind - binding parameter (2:VARCHAR) <- [Eternal Sunshine of the Spotless Mind]
2026-05-13 16:17:53.113 DEBUG [BestMovie4you_bot Telegram Executor] org.hibernate.SQL - select case when count(fe1_0.id)>0 then 1 else 0 end from films fe1_0 where fe1_0.user_id=? and fe1_0.original_title=?
2026-05-13 16:17:53.113 TRACE [BestMovie4you_bot Telegram Executor] org.hibernate.orm.jdbc.bind - binding parameter (1:BIGINT) <- [1]
2026-05-13 16:17:53.113 TRACE [BestMovie4you_bot Telegram Executor] org.hibernate.orm.jdbc.bind - binding parameter (2:VARCHAR) <- [Gone Girl]
2026-05-13 16:17:53.114 DEBUG [BestMovie4you_bot Telegram Executor] org.hibernate.SQL - select case when count(fe1_0.id)>0 then 1 else 0 end from films fe1_0 where fe1_0.user_id=? and fe1_0.original_title=?
2026-05-13 16:17:53.114 TRACE [BestMovie4you_bot Telegram Executor] org.hibernate.orm.jdbc.bind - binding parameter (1:BIGINT) <- [1]
2026-05-13 16:17:53.114 TRACE [BestMovie4you_bot Telegram Executor] org.hibernate.orm.jdbc.bind - binding parameter (2:VARCHAR) <- [The Truman Show]
2026-05-13 16:17:53.114 DEBUG [BestMovie4you_bot Telegram Executor] org.hibernate.SQL - select case when count(fe1_0.id)>0 then 1 else 0 end from films fe1_0 where fe1_0.user_id=? and fe1_0.original_title=?
2026-05-13 16:17:53.114 TRACE [BestMovie4you_bot Telegram Executor] org.hibernate.orm.jdbc.bind - binding parameter (1:BIGINT) <- [1]
2026-05-13 16:17:53.114 TRACE [BestMovie4you_bot Telegram Executor] org.hibernate.orm.jdbc.bind - binding parameter (2:VARCHAR) <- [The Dark Knight Rises]
2026-05-13 16:17:53.114 DEBUG [BestMovie4you_bot Telegram Executor] org.hibernate.SQL - select case when count(fe1_0.id)>0 then 1 else 0 end from films fe1_0 where fe1_0.user_id=? and fe1_0.original_title=?
2026-05-13 16:17:53.114 TRACE [BestMovie4you_bot Telegram Executor] org.hibernate.orm.jdbc.bind - binding parameter (1:BIGINT) <- [1]
2026-05-13 16:17:53.114 TRACE [BestMovie4you_bot Telegram Executor] org.hibernate.orm.jdbc.bind - binding parameter (2:VARCHAR) <- [Conclave]
2026-05-13 16:17:53.115 DEBUG [BestMovie4you_bot Telegram Executor] org.hibernate.SQL - select case when count(fe1_0.id)>0 then 1 else 0 end from films fe1_0 where fe1_0.user_id=? and fe1_0.original_title=?
2026-05-13 16:17:53.115 TRACE [BestMovie4you_bot Telegram Executor] org.hibernate.orm.jdbc.bind - binding parameter (1:BIGINT) <- [1]
2026-05-13 16:17:53.115 TRACE [BestMovie4you_bot Telegram Executor] org.hibernate.orm.jdbc.bind - binding parameter (2:VARCHAR) <- [Hacksaw Ridge]
2026-05-13 16:17:53.115 DEBUG [BestMovie4you_bot Telegram Executor] org.hibernate.SQL - select case when count(fe1_0.id)>0 then 1 else 0 end from films fe1_0 where fe1_0.user_id=? and fe1_0.original_title=?
2026-05-13 16:17:53.115 TRACE [BestMovie4you_bot Telegram Executor] org.hibernate.orm.jdbc.bind - binding parameter (1:BIGINT) <- [1]
2026-05-13 16:17:53.115 TRACE [BestMovie4you_bot Telegram Executor] org.hibernate.orm.jdbc.bind - binding parameter (2:VARCHAR) <- [Dead Poets Society]
2026-05-13 16:17:53.116 DEBUG [BestMovie4you_bot Telegram Executor] org.hibernate.SQL - select case when count(fe1_0.id)>0 then 1 else 0 end from films fe1_0 where fe1_0.user_id=? and fe1_0.original_title=?
2026-05-13 16:17:53.116 TRACE [BestMovie4you_bot Telegram Executor] org.hibernate.orm.jdbc.bind - binding parameter (1:BIGINT) <- [1]
2026-05-13 16:17:53.116 TRACE [BestMovie4you_bot Telegram Executor] org.hibernate.orm.jdbc.bind - binding parameter (2:VARCHAR) <- [Kingdom of Heaven]
2026-05-13 16:18:33.965 DEBUG [BestMovie4you_bot Telegram Executor] org.hibernate.SQL - select ue1_0.id,ue1_0.chat_id,ue1_0.name,ue1_0.user_tg_id from users ue1_0 where ue1_0.user_tg_id=?
2026-05-13 16:18:33.965 TRACE [BestMovie4you_bot Telegram Executor] org.hibernate.orm.jdbc.bind - binding parameter (1:BIGINT) <- [1364198563]
2026-05-13 16:18:33.966 DEBUG [BestMovie4you_bot Telegram Executor] org.hibernate.SQL - INSERT INTO films (original_title, user_id) VALUES (?, ?)
2026-05-13 16:18:33.966 TRACE [BestMovie4you_bot Telegram Executor] org.hibernate.orm.jdbc.bind - binding parameter (1:VARCHAR) <- [Fight Club]
2026-05-13 16:18:33.966 TRACE [BestMovie4you_bot Telegram Executor] org.hibernate.orm.jdbc.bind - binding parameter (2:BIGINT) <- [1]
2026-05-13 16:18:45.054 DEBUG [BestMovie4you_bot Telegram Executor] org.hibernate.SQL - select ue1_0.id,ue1_0.chat_id,ue1_0.name,ue1_0.user_tg_id from users ue1_0 where ue1_0.user_tg_id=?
2026-05-13 16:18:45.055 TRACE [BestMovie4you_bot Telegram Executor] org.hibernate.orm.jdbc.bind - binding parameter (1:BIGINT) <- [1364198563]
2026-05-13 16:18:45.056 DEBUG [BestMovie4you_bot Telegram Executor] org.hibernate.SQL - INSERT INTO films (original_title, user_id) VALUES (?, ?)
2026-05-13 16:18:45.056 TRACE [BestMovie4you_bot Telegram Executor] org.hibernate.orm.jdbc.bind - binding parameter (1:VARCHAR) <- [Oppenheimer]
2026-05-13 16:18:45.056 TRACE [BestMovie4you_bot Telegram Executor] org.hibernate.orm.jdbc.bind - binding parameter (2:BIGINT) <- [1]
2026-05-13 16:19:16.163 DEBUG [BestMovie4you_bot Telegram Executor] org.hibernate.SQL - select ue1_0.id,ue1_0.chat_id,ue1_0.name,ue1_0.user_tg_id from users ue1_0 where ue1_0.user_tg_id=?
2026-05-13 16:19:16.163 TRACE [BestMovie4you_bot Telegram Executor] org.hibernate.orm.jdbc.bind - binding parameter (1:BIGINT) <- [1364198563]
2026-05-13 16:19:16.164 DEBUG [BestMovie4you_bot Telegram Executor] org.hibernate.SQL - select fe1_0.id,fe1_0.original_title,fe1_0.user_id from films fe1_0 where fe1_0.user_id=?
2026-05-13 16:19:16.164 TRACE [BestMovie4you_bot Telegram Executor] org.hibernate.orm.jdbc.bind - binding parameter (1:BIGINT) <- [1]
2026-05-13 16:19:21.619 DEBUG [BestMovie4you_bot Telegram Executor] org.hibernate.SQL - delete from films where id=?
2026-05-13 16:19:21.620 TRACE [BestMovie4you_bot Telegram Executor] org.hibernate.orm.jdbc.bind - binding parameter (1:BIGINT) <- [5]
2026-05-13 16:19:24.090 DEBUG [BestMovie4you_bot Telegram Executor] org.hibernate.SQL - delete from films where id=?
2026-05-13 16:19:24.091 TRACE [BestMovie4you_bot Telegram Executor] org.hibernate.orm.jdbc.bind - binding parameter (1:BIGINT) <- [6]
2026-05-13 16:19:26.197 DEBUG [BestMovie4you_bot Telegram Executor] org.hibernate.SQL - delete from films where id=?
2026-05-13 16:19:26.197 TRACE [BestMovie4you_bot Telegram Executor] org.hibernate.orm.jdbc.bind - binding parameter (1:BIGINT) <- [7]
2026-05-13 16:19:28.044 DEBUG [BestMovie4you_bot Telegram Executor] org.hibernate.SQL - delete from films where id=?
2026-05-13 16:19:28.044 TRACE [BestMovie4you_bot Telegram Executor] org.hibernate.orm.jdbc.bind - binding parameter (1:BIGINT) <- [8]
2026-05-13 16:19:39.496 DEBUG [BestMovie4you_bot Telegram Executor] org.hibernate.SQL - select ue1_0.id,ue1_0.chat_id,ue1_0.name,ue1_0.user_tg_id from users ue1_0 where ue1_0.user_tg_id=?
2026-05-13 16:19:39.497 TRACE [BestMovie4you_bot Telegram Executor] org.hibernate.orm.jdbc.bind - binding parameter (1:BIGINT) <- [1364198563]
2026-05-13 16:19:39.497 DEBUG [BestMovie4you_bot Telegram Executor] org.hibernate.SQL - select fe1_0.id,fe1_0.original_title,fe1_0.user_id from films fe1_0 where fe1_0.user_id=?
2026-05-13 16:19:39.497 TRACE [BestMovie4you_bot Telegram Executor] org.hibernate.orm.jdbc.bind - binding parameter (1:BIGINT) <- [1]
2026-05-13 16:20:14.839 DEBUG [BestMovie4you_bot Telegram Executor] org.hibernate.SQL - select ue1_0.id,ue1_0.chat_id,ue1_0.name,ue1_0.user_tg_id from users ue1_0 where ue1_0.user_tg_id=?
2026-05-13 16:20:14.839 TRACE [BestMovie4you_bot Telegram Executor] org.hibernate.orm.jdbc.bind - binding parameter (1:BIGINT) <- [1364198563]
2026-05-13 16:20:14.840 DEBUG [BestMovie4you_bot Telegram Executor] org.hibernate.SQL - INSERT INTO films (original_title, user_id) VALUES (?, ?)
2026-05-13 16:20:14.840 TRACE [BestMovie4you_bot Telegram Executor] org.hibernate.orm.jdbc.bind - binding parameter (1:VARCHAR) <- [Hoppers]
2026-05-13 16:20:14.840 TRACE [BestMovie4you_bot Telegram Executor] org.hibernate.orm.jdbc.bind - binding parameter (2:BIGINT) <- [1]
2026-05-13 16:20:21.600 DEBUG [BestMovie4you_bot Telegram Executor] org.hibernate.SQL - select ue1_0.id,ue1_0.chat_id,ue1_0.name,ue1_0.user_tg_id from users ue1_0 where ue1_0.user_tg_id=?
2026-05-13 16:20:21.600 TRACE [BestMovie4you_bot Telegram Executor] org.hibernate.orm.jdbc.bind - binding parameter (1:BIGINT) <- [1364198563]
2026-05-13 16:20:21.601 DEBUG [BestMovie4you_bot Telegram Executor] org.hibernate.SQL - select fe1_0.id,fe1_0.original_title,fe1_0.user_id from films fe1_0 where fe1_0.user_id=?
2026-05-13 16:20:21.601 TRACE [BestMovie4you_bot Telegram Executor] org.hibernate.orm.jdbc.bind - binding parameter (1:BIGINT) <- [1]
2026-05-13 16:20:38.351 DEBUG [BestMovie4you_bot Telegram Executor] org.hibernate.SQL - select ue1_0.id,ue1_0.chat_id,ue1_0.name,ue1_0.user_tg_id from users ue1_0 where ue1_0.user_tg_id=?
2026-05-13 16:20:38.351 TRACE [BestMovie4you_bot Telegram Executor] org.hibernate.orm.jdbc.bind - binding parameter (1:BIGINT) <- [1364198563]
2026-05-13 16:20:38.352 DEBUG [BestMovie4you_bot Telegram Executor] org.hibernate.SQL - INSERT INTO films (original_title, user_id) VALUES (?, ?)
2026-05-13 16:20:38.352 TRACE [BestMovie4you_bot Telegram Executor] org.hibernate.orm.jdbc.bind - binding parameter (1:VARCHAR) <- [Project Hail Mary]
2026-05-13 16:20:38.352 TRACE [BestMovie4you_bot Telegram Executor] org.hibernate.orm.jdbc.bind - binding parameter (2:BIGINT) <- [1]
2026-05-13 16:20:42.411 DEBUG [BestMovie4you_bot Telegram Executor] org.hibernate.SQL - select ue1_0.id,ue1_0.chat_id,ue1_0.name,ue1_0.user_tg_id from users ue1_0 where ue1_0.user_tg_id=?
2026-05-13 16:20:42.411 TRACE [BestMovie4you_bot Telegram Executor] org.hibernate.orm.jdbc.bind - binding parameter (1:BIGINT) <- [1364198563]
2026-05-13 16:20:42.413 DEBUG [BestMovie4you_bot Telegram Executor] org.hibernate.SQL - select fe1_0.id,fe1_0.original_title,fe1_0.user_id from films fe1_0 where fe1_0.user_id=?
2026-05-13 16:20:42.414 TRACE [BestMovie4you_bot Telegram Executor] org.hibernate.orm.jdbc.bind - binding parameter (1:BIGINT) <- [1]
2026-05-13 16:58:14.601 DEBUG [main] org.hibernate.SQL - create table films (id integer, original_title varchar(255) not null, user_id bigint not null, primary key (id))
2026-05-13 16:58:14.606 DEBUG [main] org.hibernate.SQL - create table users (id integer, chat_id bigint not null, name varchar(255) not null, user_tg_id bigint unique, primary key (id))
2026-05-13 16:58:14.608 DEBUG [main] org.hibernate.SQL - alter table users drop constraint UKba7war9qomtax7gvpfvpoho36
2026-05-13 16:58:15.897 DEBUG [main] org.hibernate.SQL - select case when count(fe1_0.id)>0 then 1 else 0 end from films fe1_0 where fe1_0.user_id=? and fe1_0.original_title=?
2026-05-13 16:58:15.906 TRACE [main] org.hibernate.orm.jdbc.bind - binding parameter (1:BIGINT) <- [99]
2026-05-13 16:58:15.907 TRACE [main] org.hibernate.orm.jdbc.bind - binding parameter (2:VARCHAR) <- [Unknown]
2026-05-13 16:58:15.950 DEBUG [main] org.hibernate.SQL - INSERT INTO films (original_title, user_id) VALUES (?, ?)
2026-05-13 16:58:15.951 TRACE [main] org.hibernate.orm.jdbc.bind - binding parameter (1:VARCHAR) <- [Interstellar]
2026-05-13 16:58:15.951 TRACE [main] org.hibernate.orm.jdbc.bind - binding parameter (2:BIGINT) <- [2]
2026-05-13 16:58:15.968 DEBUG [main] org.hibernate.SQL - INSERT INTO films (original_title, user_id) VALUES (?, ?)
2026-05-13 16:58:15.968 TRACE [main] org.hibernate.orm.jdbc.bind - binding parameter (1:VARCHAR) <- [Avatar]
2026-05-13 16:58:15.968 TRACE [main] org.hibernate.orm.jdbc.bind - binding parameter (2:BIGINT) <- [3]
2026-05-13 16:58:15.977 DEBUG [main] org.hibernate.SQL - INSERT INTO films (original_title, user_id) VALUES (?, ?)
2026-05-13 16:58:15.977 TRACE [main] org.hibernate.orm.jdbc.bind - binding parameter (1:VARCHAR) <- [Inception]
2026-05-13 16:58:15.977 TRACE [main] org.hibernate.orm.jdbc.bind - binding parameter (2:BIGINT) <- [1]
2026-05-13 17:00:12.590 DEBUG [main] org.hibernate.SQL - drop table if exists films
2026-05-13 17:00:12.592 DEBUG [main] org.hibernate.SQL - drop table if exists users
2026-05-13 17:00:12.595 DEBUG [main] org.hibernate.SQL - create table films (id integer, user_id bigint not null, original_title varchar(255) not null, primary key (id))
2026-05-13 17:00:12.601 DEBUG [main] org.hibernate.SQL - create table users (chat_id bigint not null, id integer, user_tg_id bigint unique, name varchar(255) not null, primary key (id))
2026-05-13 17:00:13.570 DEBUG [main] org.hibernate.SQL - select case when count(fe1_0.id)>0 then 1 else 0 end from films fe1_0 where fe1_0.user_id=? and fe1_0.original_title=?
2026-05-13 17:00:13.578 TRACE [main] org.hibernate.orm.jdbc.bind - binding parameter (1:BIGINT) <- [1]
2026-05-13 17:00:13.579 TRACE [main] org.hibernate.orm.jdbc.bind - binding parameter (2:VARCHAR) <- [Unknown Movie]
2026-05-13 17:00:13.659 DEBUG [main] org.hibernate.SQL - insert into films (original_title,user_id) values (?,?)
2026-05-13 17:00:13.661 TRACE [main] org.hibernate.orm.jdbc.bind - binding parameter (1:VARCHAR) <- [Interstellar]
2026-05-13 17:00:13.661 TRACE [main] org.hibernate.orm.jdbc.bind - binding parameter (2:BIGINT) <- [1]
2026-05-13 17:00:13.702 DEBUG [main] org.hibernate.SQL - INSERT INTO films (original_title, user_id) VALUES (?, ?)
2026-05-13 17:00:13.702 TRACE [main] org.hibernate.orm.jdbc.bind - binding parameter (1:VARCHAR) <- [Matrix]
2026-05-13 17:00:13.702 TRACE [main] org.hibernate.orm.jdbc.bind - binding parameter (2:BIGINT) <- [2]
2026-05-13 17:00:13.710 DEBUG [main] org.hibernate.SQL - insert into films (original_title,user_id) values (?,?)
2026-05-13 17:00:13.711 TRACE [main] org.hibernate.orm.jdbc.bind - binding parameter (1:VARCHAR) <- [Dune]
2026-05-13 17:00:13.711 TRACE [main] org.hibernate.orm.jdbc.bind - binding parameter (2:BIGINT) <- [1]
2026-05-13 17:00:13.720 DEBUG [main] org.hibernate.SQL - insert into films (original_title,user_id) values (?,?)
2026-05-13 17:00:13.720 TRACE [main] org.hibernate.orm.jdbc.bind - binding parameter (1:VARCHAR) <- [Inception]
2026-05-13 17:00:13.720 TRACE [main] org.hibernate.orm.jdbc.bind - binding parameter (2:BIGINT) <- [1]
2026-05-13 17:00:13.734 DEBUG [SpringApplicationShutdownHook] org.hibernate.SQL - drop table if exists films
2026-05-13 17:00:13.736 DEBUG [SpringApplicationShutdownHook] org.hibernate.SQL - drop table if exists users
2026-05-13 17:02:00.410 DEBUG [main] org.hibernate.SQL - drop table if exists films
2026-05-13 17:02:00.412 DEBUG [main] org.hibernate.SQL - drop table if exists users
2026-05-13 17:02:00.415 DEBUG [main] org.hibernate.SQL - create table films (id integer, user_id bigint not null, original_title varchar(255) not null, primary key (id))
2026-05-13 17:02:00.420 DEBUG [main] org.hibernate.SQL - create table users (chat_id bigint not null, id integer, user_tg_id bigint unique, name varchar(255) not null, primary key (id))
2026-05-13 17:02:01.358 DEBUG [main] org.hibernate.SQL - select case when count(fe1_0.id)>0 then 1 else 0 end from films fe1_0 where fe1_0.user_id=? and fe1_0.original_title=?
2026-05-13 17:02:01.366 TRACE [main] org.hibernate.orm.jdbc.bind - binding parameter (1:BIGINT) <- [1]
2026-05-13 17:02:01.366 TRACE [main] org.hibernate.orm.jdbc.bind - binding parameter (2:VARCHAR) <- [Unknown Movie]
2026-05-13 17:02:01.438 DEBUG [main] org.hibernate.SQL - insert into films (original_title,user_id) values (?,?)
2026-05-13 17:02:01.440 TRACE [main] org.hibernate.orm.jdbc.bind - binding parameter (1:VARCHAR) <- [Interstellar]
2026-05-13 17:02:01.440 TRACE [main] org.hibernate.orm.jdbc.bind - binding parameter (2:BIGINT) <- [1]
2026-05-13 17:02:01.472 DEBUG [main] org.hibernate.SQL - INSERT INTO films (original_title, user_id) VALUES (?, ?)
2026-05-13 17:02:01.473 TRACE [main] org.hibernate.orm.jdbc.bind - binding parameter (1:VARCHAR) <- [Matrix]
2026-05-13 17:02:01.473 TRACE [main] org.hibernate.orm.jdbc.bind - binding parameter (2:BIGINT) <- [2]
2026-05-13 17:02:01.480 DEBUG [main] org.hibernate.SQL - insert into films (original_title,user_id) values (?,?)
2026-05-13 17:02:01.481 TRACE [main] org.hibernate.orm.jdbc.bind - binding parameter (1:VARCHAR) <- [Dune]
2026-05-13 17:02:01.481 TRACE [main] org.hibernate.orm.jdbc.bind - binding parameter (2:BIGINT) <- [1]
2026-05-13 17:02:01.488 DEBUG [main] org.hibernate.SQL - insert into films (original_title,user_id) values (?,?)
2026-05-13 17:02:01.489 TRACE [main] org.hibernate.orm.jdbc.bind - binding parameter (1:VARCHAR) <- [Inception]
2026-05-13 17:02:01.489 TRACE [main] org.hibernate.orm.jdbc.bind - binding parameter (2:BIGINT) <- [1]
2026-05-13 17:02:01.500 DEBUG [SpringApplicationShutdownHook] org.hibernate.SQL - drop table if exists films
2026-05-13 17:02:01.501 DEBUG [SpringApplicationShutdownHook] org.hibernate.SQL - drop table if exists users
2026-05-13 17:07:34.513 DEBUG [main] org.hibernate.SQL - create table films (id integer, original_title varchar(255) not null, user_id bigint not null, primary key (id))
2026-05-13 17:07:34.518 DEBUG [main] org.hibernate.SQL - create table users (id integer, chat_id bigint not null, name varchar(255) not null, user_tg_id bigint unique, primary key (id))
2026-05-13 17:07:34.520 DEBUG [main] org.hibernate.SQL - alter table users drop constraint UKba7war9qomtax7gvpfvpoho36
2026-05-13 17:07:39.707 DEBUG [main] org.hibernate.SQL - create table films (id integer, original_title varchar(255) not null, user_id bigint not null, primary key (id))
2026-05-13 17:07:39.712 DEBUG [main] org.hibernate.SQL - create table users (id integer, chat_id bigint not null, name varchar(255) not null, user_tg_id bigint unique, primary key (id))
2026-05-13 17:07:39.713 DEBUG [main] org.hibernate.SQL - alter table users drop constraint UKba7war9qomtax7gvpfvpoho36
2026-05-13 17:07:40.658 DEBUG [main] org.hibernate.SQL - insert into films (original_title,user_id) values (?,?)
2026-05-13 17:07:40.661 TRACE [main] org.hibernate.orm.jdbc.bind - binding parameter (1:VARCHAR) <- [Matrix]
2026-05-13 17:07:40.661 TRACE [main] org.hibernate.orm.jdbc.bind - binding parameter (2:BIGINT) <- [2]
2026-05-13 17:07:40.720 DEBUG [main] org.hibernate.SQL - INSERT INTO films (original_title, user_id) VALUES (?, ?)
2026-05-13 17:07:40.721 TRACE [main] org.hibernate.orm.jdbc.bind - binding parameter (1:VARCHAR) <- [Titanic]
2026-05-13 17:07:40.721 TRACE [main] org.hibernate.orm.jdbc.bind - binding parameter (2:BIGINT) <- [4]
2026-05-13 17:07:40.729 DEBUG [main] org.hibernate.SQL - insert into films (original_title,user_id) values (?,?)
2026-05-13 17:07:40.729 TRACE [main] org.hibernate.orm.jdbc.bind - binding parameter (1:VARCHAR) <- [Avatar]
2026-05-13 17:07:40.729 TRACE [main] org.hibernate.orm.jdbc.bind - binding parameter (2:BIGINT) <- [3]
2026-05-13 17:07:40.739 DEBUG [main] org.hibernate.SQL - insert into films (original_title,user_id) values (?,?)
2026-05-13 17:07:40.739 TRACE [main] org.hibernate.orm.jdbc.bind - binding parameter (1:VARCHAR) <- [Inception]
2026-05-13 17:07:40.739 TRACE [main] org.hibernate.orm.jdbc.bind - binding parameter (2:BIGINT) <- [1]
2026-05-13 17:10:49.791 DEBUG [main] org.hibernate.SQL - create table films (id integer, original_title varchar(255) not null, user_id bigint not null, primary key (id))
2026-05-13 17:10:49.796 DEBUG [main] org.hibernate.SQL - create table users (id integer, chat_id bigint not null, name varchar(255) not null, user_tg_id bigint unique, primary key (id))
2026-05-13 17:10:49.798 DEBUG [main] org.hibernate.SQL - alter table users drop constraint UKba7war9qomtax7gvpfvpoho36
2026-05-13 17:10:50.675 DEBUG [main] org.hibernate.SQL - insert into films (original_title,user_id) values (?,?)
2026-05-13 17:10:50.677 TRACE [main] org.hibernate.orm.jdbc.bind - binding parameter (1:VARCHAR) <- [Inception]
2026-05-13 17:10:50.677 TRACE [main] org.hibernate.orm.jdbc.bind - binding parameter (2:BIGINT) <- [1]
2026-05-13 17:10:50.735 DEBUG [main] org.hibernate.SQL - INSERT INTO films (original_title, user_id) VALUES (?, ?)
2026-05-13 17:10:50.736 TRACE [main] org.hibernate.orm.jdbc.bind - binding parameter (1:VARCHAR) <- [Titanic]
2026-05-13 17:10:50.736 TRACE [main] org.hibernate.orm.jdbc.bind - binding parameter (2:BIGINT) <- [1]
2026-05-13 17:10:50.744 DEBUG [main] org.hibernate.SQL - insert into films (original_title,user_id) values (?,?)
2026-05-13 17:10:50.745 TRACE [main] org.hibernate.orm.jdbc.bind - binding parameter (1:VARCHAR) <- [Avatar]
2026-05-13 17:10:50.745 TRACE [main] org.hibernate.orm.jdbc.bind - binding parameter (2:BIGINT) <- [1]
2026-05-13 17:10:50.755 DEBUG [main] org.hibernate.SQL - insert into films (original_title,user_id) values (?,?)
2026-05-13 17:10:50.755 TRACE [main] org.hibernate.orm.jdbc.bind - binding parameter (1:VARCHAR) <- [Matrix]
2026-05-13 17:10:50.755 TRACE [main] org.hibernate.orm.jdbc.bind - binding parameter (2:BIGINT) <- [1]
2026-05-13 17:23:31.729 DEBUG [main] org.hibernate.SQL - create table films (id integer, original_title varchar(255) not null, user_id bigint not null, primary key (id))
2026-05-13 17:23:31.734 DEBUG [main] org.hibernate.SQL - create table users (id integer, chat_id bigint not null, name varchar(255) not null, user_tg_id bigint unique, primary key (id))
2026-05-13 17:23:31.736 DEBUG [main] org.hibernate.SQL - alter table users drop constraint UKba7war9qomtax7gvpfvpoho36
2026-05-13 17:23:32.649 DEBUG [main] org.hibernate.SQL - insert into films (original_title,user_id) values (?,?)
2026-05-13 17:23:32.652 TRACE [main] org.hibernate.orm.jdbc.bind - binding parameter (1:VARCHAR) <- [Tenet]
2026-05-13 17:23:32.653 TRACE [main] org.hibernate.orm.jdbc.bind - binding parameter (2:BIGINT) <- [1]
2026-05-13 17:23:32.690 DEBUG [main] org.hibernate.SQL - insert into films (original_title,user_id) values (?,?)
2026-05-13 17:23:32.690 TRACE [main] org.hibernate.orm.jdbc.bind - binding parameter (1:VARCHAR) <- [Memento]
2026-05-13 17:23:32.691 TRACE [main] org.hibernate.orm.jdbc.bind - binding parameter (2:BIGINT) <- [1]
2026-05-13 17:23:32.724 DEBUG [main] org.hibernate.SQL - INSERT INTO films (original_title, user_id) VALUES (?, ?)
2026-05-13 17:23:32.724 TRACE [main] org.hibernate.orm.jdbc.bind - binding parameter (1:VARCHAR) <- [The Dark Knight]
2026-05-13 17:23:32.724 TRACE [main] org.hibernate.orm.jdbc.bind - binding parameter (2:BIGINT) <- [777]
2026-05-13 17:23:32.735 DEBUG [main] org.hibernate.SQL - insert into films (original_title,user_id) values (?,?)
2026-05-13 17:23:32.736 TRACE [main] org.hibernate.orm.jdbc.bind - binding parameter (1:VARCHAR) <- [Inception]
2026-05-13 17:23:32.736 TRACE [main] org.hibernate.orm.jdbc.bind - binding parameter (2:BIGINT) <- [123]
2026-05-13 17:24:37.172 DEBUG [main] org.hibernate.SQL - create table films (id integer, original_title varchar(255) not null, user_id bigint not null, primary key (id))
2026-05-13 17:24:37.177 DEBUG [main] org.hibernate.SQL - create table users (id integer, chat_id bigint not null, name varchar(255) not null, user_tg_id bigint unique, primary key (id))
2026-05-13 17:24:37.179 DEBUG [main] org.hibernate.SQL - alter table users drop constraint UKba7war9qomtax7gvpfvpoho36
2026-05-13 17:24:38.085 DEBUG [main] org.hibernate.SQL - insert into films (original_title,user_id) values (?,?)
2026-05-13 17:24:38.088 TRACE [main] org.hibernate.orm.jdbc.bind - binding parameter (1:VARCHAR) <- [Tenet]
2026-05-13 17:24:38.088 TRACE [main] org.hibernate.orm.jdbc.bind - binding parameter (2:BIGINT) <- [1]
2026-05-13 17:24:38.133 DEBUG [main] org.hibernate.SQL - insert into films (original_title,user_id) values (?,?)
2026-05-13 17:24:38.133 TRACE [main] org.hibernate.orm.jdbc.bind - binding parameter (1:VARCHAR) <- [Memento]
2026-05-13 17:24:38.133 TRACE [main] org.hibernate.orm.jdbc.bind - binding parameter (2:BIGINT) <- [1]
2026-05-13 17:24:38.168 DEBUG [main] org.hibernate.SQL - INSERT INTO films (original_title, user_id) VALUES (?, ?)
2026-05-13 17:24:38.169 TRACE [main] org.hibernate.orm.jdbc.bind - binding parameter (1:VARCHAR) <- [The Dark Knight]
2026-05-13 17:24:38.169 TRACE [main] org.hibernate.orm.jdbc.bind - binding parameter (2:BIGINT) <- [777]
2026-05-13 17:24:38.178 DEBUG [main] org.hibernate.SQL - insert into films (original_title,user_id) values (?,?)
2026-05-13 17:24:38.179 TRACE [main] org.hibernate.orm.jdbc.bind - binding parameter (1:VARCHAR) <- [Inception]
2026-05-13 17:24:38.179 TRACE [main] org.hibernate.orm.jdbc.bind - binding parameter (2:BIGINT) <- [123]
2026-05-13 17:26:57.095 DEBUG [main] org.hibernate.SQL - create table films (id integer, original_title varchar(255) not null, user_id bigint not null, primary key (id))
2026-05-13 17:26:57.100 DEBUG [main] org.hibernate.SQL - create table users (id integer, chat_id bigint not null, name varchar(255) not null, user_tg_id bigint unique, primary key (id))
2026-05-13 17:26:57.102 DEBUG [main] org.hibernate.SQL - alter table users drop constraint UKba7war9qomtax7gvpfvpoho36
2026-05-13 17:26:57.972 DEBUG [main] org.hibernate.SQL - insert into films (original_title,user_id) values (?,?)
2026-05-13 17:26:57.975 TRACE [main] org.hibernate.orm.jdbc.bind - binding parameter (1:VARCHAR) <- [Tenet]
2026-05-13 17:26:57.975 TRACE [main] org.hibernate.orm.jdbc.bind - binding parameter (2:BIGINT) <- [1]
2026-05-13 17:26:58.021 DEBUG [main] org.hibernate.SQL - insert into films (original_title,user_id) values (?,?)
2026-05-13 17:26:58.022 TRACE [main] org.hibernate.orm.jdbc.bind - binding parameter (1:VARCHAR) <- [Inception]
2026-05-13 17:26:58.022 TRACE [main] org.hibernate.orm.jdbc.bind - binding parameter (2:BIGINT) <- [1]
2026-05-13 17:26:58.035 DEBUG [main] org.hibernate.SQL - insert into films (original_title,user_id) values (?,?)
2026-05-13 17:26:58.035 TRACE [main] org.hibernate.orm.jdbc.bind - binding parameter (1:VARCHAR) <- [Memento]
2026-05-13 17:26:58.035 TRACE [main] org.hibernate.orm.jdbc.bind - binding parameter (2:BIGINT) <- [1]
2026-05-13 17:26:58.076 DEBUG [main] org.hibernate.SQL - INSERT INTO films (original_title, user_id) VALUES (?, ?)
2026-05-13 17:26:58.076 TRACE [main] org.hibernate.orm.jdbc.bind - binding parameter (1:VARCHAR) <- [The Dark Knight]
2026-05-13 17:26:58.076 TRACE [main] org.hibernate.orm.jdbc.bind - binding parameter (2:BIGINT) <- [777]
2026-05-13 17:26:58.085 DEBUG [main] org.hibernate.SQL - insert into films (original_title,user_id) values (?,?)
2026-05-13 17:26:58.086 TRACE [main] org.hibernate.orm.jdbc.bind - binding parameter (1:VARCHAR) <- [Inception]
2026-05-13 17:26:58.086 TRACE [main] org.hibernate.orm.jdbc.bind - binding parameter (2:BIGINT) <- [123]
2026-05-13 17:51:37.532 DEBUG [BestMovie4you_bot Telegram Executor] org.hibernate.SQL - select ue1_0.id,ue1_0.chat_id,ue1_0.name,ue1_0.user_tg_id from users ue1_0 where ue1_0.user_tg_id=?
2026-05-13 17:51:37.536 TRACE [BestMovie4you_bot Telegram Executor] org.hibernate.orm.jdbc.bind - binding parameter (1:BIGINT) <- [1364198563]
2026-05-13 17:51:37.563 DEBUG [BestMovie4you_bot Telegram Executor] org.hibernate.SQL - select fe1_0.id,fe1_0.original_title,fe1_0.user_id from films fe1_0 where fe1_0.user_id=?
2026-05-13 17:51:37.564 TRACE [BestMovie4you_bot Telegram Executor] org.hibernate.orm.jdbc.bind - binding parameter (1:BIGINT) <- [1]
2026-05-13 17:51:39.558 DEBUG [BestMovie4you_bot Telegram Executor] org.hibernate.SQL - delete from films where id=?
2026-05-13 17:51:39.558 TRACE [BestMovie4you_bot Telegram Executor] org.hibernate.orm.jdbc.bind - binding parameter (1:BIGINT) <- [5]
2026-05-13 17:51:41.040 DEBUG [BestMovie4you_bot Telegram Executor] org.hibernate.SQL - delete from films where id=?
2026-05-13 17:51:41.040 TRACE [BestMovie4you_bot Telegram Executor] org.hibernate.orm.jdbc.bind - binding parameter (1:BIGINT) <- [6]
2026-05-13 17:51:42.875 DEBUG [BestMovie4you_bot Telegram Executor] org.hibernate.SQL - select ue1_0.id,ue1_0.chat_id,ue1_0.name,ue1_0.user_tg_id from users ue1_0 where ue1_0.user_tg_id=?
2026-05-13 17:51:42.875 TRACE [BestMovie4you_bot Telegram Executor] org.hibernate.orm.jdbc.bind - binding parameter (1:BIGINT) <- [1364198563]
2026-05-13 17:51:42.876 DEBUG [BestMovie4you_bot Telegram Executor] org.hibernate.SQL - select fe1_0.id,fe1_0.original_title,fe1_0.user_id from films fe1_0 where fe1_0.user_id=?
2026-05-13 17:51:42.876 TRACE [BestMovie4you_bot Telegram Executor] org.hibernate.orm.jdbc.bind - binding parameter (1:BIGINT) <- [1]
2026-05-13 17:51:52.867 DEBUG [BestMovie4you_bot Telegram Executor] org.hibernate.SQL - select ue1_0.id,ue1_0.chat_id,ue1_0.name,ue1_0.user_tg_id from users ue1_0 where ue1_0.user_tg_id=?
2026-05-13 17:51:52.867 TRACE [BestMovie4you_bot Telegram Executor] org.hibernate.orm.jdbc.bind - binding parameter (1:BIGINT) <- [1364198563]
2026-05-13 17:51:52.880 DEBUG [BestMovie4you_bot Telegram Executor] org.hibernate.SQL - INSERT INTO films (original_title, user_id) VALUES (?, ?)
2026-05-13 17:51:52.881 TRACE [BestMovie4you_bot Telegram Executor] org.hibernate.orm.jdbc.bind - binding parameter (1:VARCHAR) <- [Remarkably Bright Creatures]
2026-05-13 17:51:52.881 TRACE [BestMovie4you_bot Telegram Executor] org.hibernate.orm.jdbc.bind - binding parameter (2:BIGINT) <- [1]
2026-05-13 17:51:55.359 DEBUG [BestMovie4you_bot Telegram Executor] org.hibernate.SQL - select ue1_0.id,ue1_0.chat_id,ue1_0.name,ue1_0.user_tg_id from users ue1_0 where ue1_0.user_tg_id=?
2026-05-13 17:51:55.359 TRACE [BestMovie4you_bot Telegram Executor] org.hibernate.orm.jdbc.bind - binding parameter (1:BIGINT) <- [1364198563]
2026-05-13 17:51:55.360 DEBUG [BestMovie4you_bot Telegram Executor] org.hibernate.SQL - select fe1_0.id,fe1_0.original_title,fe1_0.user_id from films fe1_0 where fe1_0.user_id=?
2026-05-13 17:51:55.360 TRACE [BestMovie4you_bot Telegram Executor] org.hibernate.orm.jdbc.bind - binding parameter (1:BIGINT) <- [1]
2026-05-13 17:51:59.092 DEBUG [BestMovie4you_bot Telegram Executor] org.hibernate.SQL - select ue1_0.id,ue1_0.chat_id,ue1_0.name,ue1_0.user_tg_id from users ue1_0 where ue1_0.user_tg_id=?
2026-05-13 17:51:59.092 TRACE [BestMovie4you_bot Telegram Executor] org.hibernate.orm.jdbc.bind - binding parameter (1:BIGINT) <- [1364198563]
2026-05-13 17:52:03.122 DEBUG [BestMovie4you_bot Telegram Executor] org.hibernate.SQL - select case when count(fe1_0.id)>0 then 1 else 0 end from films fe1_0 where fe1_0.user_id=? and fe1_0.original_title=?
2026-05-13 17:52:03.123 TRACE [BestMovie4you_bot Telegram Executor] org.hibernate.orm.jdbc.bind - binding parameter (1:BIGINT) <- [1]
2026-05-13 17:52:03.123 TRACE [BestMovie4you_bot Telegram Executor] org.hibernate.orm.jdbc.bind - binding parameter (2:VARCHAR) <- [Swapped]
2026-05-13 17:52:03.123 DEBUG [BestMovie4you_bot Telegram Executor] org.hibernate.SQL - select case when count(fe1_0.id)>0 then 1 else 0 end from films fe1_0 where fe1_0.user_id=? and fe1_0.original_title=?
2026-05-13 17:52:03.124 TRACE [BestMovie4you_bot Telegram Executor] org.hibernate.orm.jdbc.bind - binding parameter (1:BIGINT) <- [1]
2026-05-13 17:52:03.124 TRACE [BestMovie4you_bot Telegram Executor] org.hibernate.orm.jdbc.bind - binding parameter (2:VARCHAR) <- [The Devil Wears Prada]
2026-05-13 17:52:03.124 DEBUG [BestMovie4you_bot Telegram Executor] org.hibernate.SQL - select case when count(fe1_0.id)>0 then 1 else 0 end from films fe1_0 where fe1_0.user_id=? and fe1_0.original_title=?
2026-05-13 17:52:03.124 TRACE [BestMovie4you_bot Telegram Executor] org.hibernate.orm.jdbc.bind - binding parameter (1:BIGINT) <- [1]
2026-05-13 17:52:03.124 TRACE [BestMovie4you_bot Telegram Executor] org.hibernate.orm.jdbc.bind - binding parameter (2:VARCHAR) <- [Michael]
2026-05-13 17:52:03.125 DEBUG [BestMovie4you_bot Telegram Executor] org.hibernate.SQL - select case when count(fe1_0.id)>0 then 1 else 0 end from films fe1_0 where fe1_0.user_id=? and fe1_0.original_title=?
2026-05-13 17:52:03.125 TRACE [BestMovie4you_bot Telegram Executor] org.hibernate.orm.jdbc.bind - binding parameter (1:BIGINT) <- [1]
2026-05-13 17:52:03.125 TRACE [BestMovie4you_bot Telegram Executor] org.hibernate.orm.jdbc.bind - binding parameter (2:VARCHAR) <- [Remarkably Bright Creatures]
2026-05-13 17:52:03.125 DEBUG [BestMovie4you_bot Telegram Executor] org.hibernate.SQL - select case when count(fe1_0.id)>0 then 1 else 0 end from films fe1_0 where fe1_0.user_id=? and fe1_0.original_title=?
2026-05-13 17:52:03.125 TRACE [BestMovie4you_bot Telegram Executor] org.hibernate.orm.jdbc.bind - binding parameter (1:BIGINT) <- [1]
2026-05-13 17:52:03.125 TRACE [BestMovie4you_bot Telegram Executor] org.hibernate.orm.jdbc.bind - binding parameter (2:VARCHAR) <- [Apocalypto]
2026-05-13 17:52:03.125 DEBUG [BestMovie4you_bot Telegram Executor] org.hibernate.SQL - select case when count(fe1_0.id)>0 then 1 else 0 end from films fe1_0 where fe1_0.user_id=? and fe1_0.original_title=?
2026-05-13 17:52:03.125 TRACE [BestMovie4you_bot Telegram Executor] org.hibernate.orm.jdbc.bind - binding parameter (1:BIGINT) <- [1]
2026-05-13 17:52:03.126 TRACE [BestMovie4you_bot Telegram Executor] org.hibernate.orm.jdbc.bind - binding parameter (2:VARCHAR) <- [Interstellar]
2026-05-13 17:52:03.126 DEBUG [BestMovie4you_bot Telegram Executor] org.hibernate.SQL - select case when count(fe1_0.id)>0 then 1 else 0 end from films fe1_0 where fe1_0.user_id=? and fe1_0.original_title=?
2026-05-13 17:52:03.126 TRACE [BestMovie4you_bot Telegram Executor] org.hibernate.orm.jdbc.bind - binding parameter (1:BIGINT) <- [1]
2026-05-13 17:52:03.126 TRACE [BestMovie4you_bot Telegram Executor] org.hibernate.orm.jdbc.bind - binding parameter (2:VARCHAR) <- [The Shawshank Redemption]
2026-05-13 17:52:03.126 DEBUG [BestMovie4you_bot Telegram Executor] org.hibernate.SQL - select case when count(fe1_0.id)>0 then 1 else 0 end from films fe1_0 where fe1_0.user_id=? and fe1_0.original_title=?
2026-05-13 17:52:03.126 TRACE [BestMovie4you_bot Telegram Executor] org.hibernate.orm.jdbc.bind - binding parameter (1:BIGINT) <- [1]
2026-05-13 17:52:03.126 TRACE [BestMovie4you_bot Telegram Executor] org.hibernate.orm.jdbc.bind - binding parameter (2:VARCHAR) <- [F1]
2026-05-13 17:52:03.127 DEBUG [BestMovie4you_bot Telegram Executor] org.hibernate.SQL - select case when count(fe1_0.id)>0 then 1 else 0 end from films fe1_0 where fe1_0.user_id=? and fe1_0.original_title=?
2026-05-13 17:52:03.127 TRACE [BestMovie4you_bot Telegram Executor] org.hibernate.orm.jdbc.bind - binding parameter (1:BIGINT) <- [1]
2026-05-13 17:52:03.127 TRACE [BestMovie4you_bot Telegram Executor] org.hibernate.orm.jdbc.bind - binding parameter (2:VARCHAR) <- [The Godfather]
2026-05-13 17:52:03.127 DEBUG [BestMovie4you_bot Telegram Executor] org.hibernate.SQL - select case when count(fe1_0.id)>0 then 1 else 0 end from films fe1_0 where fe1_0.user_id=? and fe1_0.original_title=?
2026-05-13 17:52:03.127 TRACE [BestMovie4you_bot Telegram Executor] org.hibernate.orm.jdbc.bind - binding parameter (1:BIGINT) <- [1]
2026-05-13 17:52:03.127 TRACE [BestMovie4you_bot Telegram Executor] org.hibernate.orm.jdbc.bind - binding parameter (2:VARCHAR) <- [A Marvel Television Special Presentation - The Punisher: One Last Kill]
2026-05-13 17:52:03.127 DEBUG [BestMovie4you_bot Telegram Executor] org.hibernate.SQL - select case when count(fe1_0.id)>0 then 1 else 0 end from films fe1_0 where fe1_0.user_id=? and fe1_0.original_title=?
2026-05-13 17:52:03.128 TRACE [BestMovie4you_bot Telegram Executor] org.hibernate.orm.jdbc.bind - binding parameter (1:BIGINT) <- [1]
2026-05-13 17:52:03.128 TRACE [BestMovie4you_bot Telegram Executor] org.hibernate.orm.jdbc.bind - binding parameter (2:VARCHAR) <- [Reminders of Him]
2026-05-13 17:52:03.128 DEBUG [BestMovie4you_bot Telegram Executor] org.hibernate.SQL - select case when count(fe1_0.id)>0 then 1 else 0 end from films fe1_0 where fe1_0.user_id=? and fe1_0.original_title=?
2026-05-13 17:52:03.128 TRACE [BestMovie4you_bot Telegram Executor] org.hibernate.orm.jdbc.bind - binding parameter (1:BIGINT) <- [1]
2026-05-13 17:52:03.128 TRACE [BestMovie4you_bot Telegram Executor] org.hibernate.orm.jdbc.bind - binding parameter (2:VARCHAR) <- [Forrest Gump]
2026-05-13 17:52:03.128 DEBUG [BestMovie4you_bot Telegram Executor] org.hibernate.SQL - select case when count(fe1_0.id)>0 then 1 else 0 end from films fe1_0 where fe1_0.user_id=? and fe1_0.original_title=?
2026-05-13 17:52:03.128 TRACE [BestMovie4you_bot Telegram Executor] org.hibernate.orm.jdbc.bind - binding parameter (1:BIGINT) <- [1]
2026-05-13 17:52:03.128 TRACE [BestMovie4you_bot Telegram Executor] org.hibernate.orm.jdbc.bind - binding parameter (2:VARCHAR) <- [Fight Club]
2026-05-13 17:52:03.129 DEBUG [BestMovie4you_bot Telegram Executor] org.hibernate.SQL - select case when count(fe1_0.id)>0 then 1 else 0 end from films fe1_0 where fe1_0.user_id=? and fe1_0.original_title=?
2026-05-13 17:52:03.129 TRACE [BestMovie4you_bot Telegram Executor] org.hibernate.orm.jdbc.bind - binding parameter (1:BIGINT) <- [1]
2026-05-13 17:52:03.129 TRACE [BestMovie4you_bot Telegram Executor] org.hibernate.orm.jdbc.bind - binding parameter (2:VARCHAR) <- [GoodFellas]
2026-05-13 17:52:03.129 DEBUG [BestMovie4you_bot Telegram Executor] org.hibernate.SQL - select case when count(fe1_0.id)>0 then 1 else 0 end from films fe1_0 where fe1_0.user_id=? and fe1_0.original_title=?
2026-05-13 17:52:03.129 TRACE [BestMovie4you_bot Telegram Executor] org.hibernate.orm.jdbc.bind - binding parameter (1:BIGINT) <- [1]
2026-05-13 17:52:03.129 TRACE [BestMovie4you_bot Telegram Executor] org.hibernate.orm.jdbc.bind - binding parameter (2:VARCHAR) <- [Nuremberg]
2026-05-13 17:52:03.130 DEBUG [BestMovie4you_bot Telegram Executor] org.hibernate.SQL - select case when count(fe1_0.id)>0 then 1 else 0 end from films fe1_0 where fe1_0.user_id=? and fe1_0.original_title=?
2026-05-13 17:52:03.130 TRACE [BestMovie4you_bot Telegram Executor] org.hibernate.orm.jdbc.bind - binding parameter (1:BIGINT) <- [1]
2026-05-13 17:52:03.130 TRACE [BestMovie4you_bot Telegram Executor] org.hibernate.orm.jdbc.bind - binding parameter (2:VARCHAR) <- [Oppenheimer]
2026-05-13 17:52:03.130 DEBUG [BestMovie4you_bot Telegram Executor] org.hibernate.SQL - select case when count(fe1_0.id)>0 then 1 else 0 end from films fe1_0 where fe1_0.user_id=? and fe1_0.original_title=?
2026-05-13 17:52:03.130 TRACE [BestMovie4you_bot Telegram Executor] org.hibernate.orm.jdbc.bind - binding parameter (1:BIGINT) <- [1]
2026-05-13 17:52:03.130 TRACE [BestMovie4you_bot Telegram Executor] org.hibernate.orm.jdbc.bind - binding parameter (2:VARCHAR) <- [Titanic]
2026-05-13 17:52:03.130 DEBUG [BestMovie4you_bot Telegram Executor] org.hibernate.SQL - select case when count(fe1_0.id)>0 then 1 else 0 end from films fe1_0 where fe1_0.user_id=? and fe1_0.original_title=?
2026-05-13 17:52:03.130 TRACE [BestMovie4you_bot Telegram Executor] org.hibernate.orm.jdbc.bind - binding parameter (1:BIGINT) <- [1]
2026-05-13 17:52:03.130 TRACE [BestMovie4you_bot Telegram Executor] org.hibernate.orm.jdbc.bind - binding parameter (2:VARCHAR) <- [Schindler's List]
2026-05-13 17:52:03.131 DEBUG [BestMovie4you_bot Telegram Executor] org.hibernate.SQL - select case when count(fe1_0.id)>0 then 1 else 0 end from films fe1_0 where fe1_0.user_id=? and fe1_0.original_title=?
2026-05-13 17:52:03.131 TRACE [BestMovie4you_bot Telegram Executor] org.hibernate.orm.jdbc.bind - binding parameter (1:BIGINT) <- [1]
2026-05-13 17:52:03.131 TRACE [BestMovie4you_bot Telegram Executor] org.hibernate.orm.jdbc.bind - binding parameter (2:VARCHAR) <- [The Godfather Part II]
2026-05-13 17:52:03.131 DEBUG [BestMovie4you_bot Telegram Executor] org.hibernate.SQL - select case when count(fe1_0.id)>0 then 1 else 0 end from films fe1_0 where fe1_0.user_id=? and fe1_0.original_title=?
2026-05-13 17:52:03.131 TRACE [BestMovie4you_bot Telegram Executor] org.hibernate.orm.jdbc.bind - binding parameter (1:BIGINT) <- [1]
2026-05-13 17:52:03.131 TRACE [BestMovie4you_bot Telegram Executor] org.hibernate.orm.jdbc.bind - binding parameter (2:VARCHAR) <- [The Green Mile]
2026-05-13 17:52:03.132 DEBUG [BestMovie4you_bot Telegram Executor] org.hibernate.SQL - select case when count(fe1_0.id)>0 then 1 else 0 end from films fe1_0 where fe1_0.user_id=? and fe1_0.original_title=?
2026-05-13 17:52:03.132 TRACE [BestMovie4you_bot Telegram Executor] org.hibernate.orm.jdbc.bind - binding parameter (1:BIGINT) <- [1]
2026-05-13 17:52:03.132 TRACE [BestMovie4you_bot Telegram Executor] org.hibernate.orm.jdbc.bind - binding parameter (2:VARCHAR) <- [Marty Supreme]
2026-05-13 17:52:03.132 DEBUG [BestMovie4you_bot Telegram Executor] org.hibernate.SQL - select case when count(fe1_0.id)>0 then 1 else 0 end from films fe1_0 where fe1_0.user_id=? and fe1_0.original_title=?
2026-05-13 17:52:03.132 TRACE [BestMovie4you_bot Telegram Executor] org.hibernate.orm.jdbc.bind - binding parameter (1:BIGINT) <- [1]
2026-05-13 17:52:03.132 TRACE [BestMovie4you_bot Telegram Executor] org.hibernate.orm.jdbc.bind - binding parameter (2:VARCHAR) <- [David]
2026-05-13 17:52:03.132 DEBUG [BestMovie4you_bot Telegram Executor] org.hibernate.SQL - select case when count(fe1_0.id)>0 then 1 else 0 end from films fe1_0 where fe1_0.user_id=? and fe1_0.original_title=?
2026-05-13 17:52:03.132 TRACE [BestMovie4you_bot Telegram Executor] org.hibernate.orm.jdbc.bind - binding parameter (1:BIGINT) <- [1]
2026-05-13 17:52:03.132 TRACE [BestMovie4you_bot Telegram Executor] org.hibernate.orm.jdbc.bind - binding parameter (2:VARCHAR) <- [The Wolf of Wall Street]
2026-05-13 17:52:03.133 DEBUG [BestMovie4you_bot Telegram Executor] org.hibernate.SQL - select case when count(fe1_0.id)>0 then 1 else 0 end from films fe1_0 where fe1_0.user_id=? and fe1_0.original_title=?
2026-05-13 17:52:03.133 TRACE [BestMovie4you_bot Telegram Executor] org.hibernate.orm.jdbc.bind - binding parameter (1:BIGINT) <- [1]
2026-05-13 17:52:03.133 TRACE [BestMovie4you_bot Telegram Executor] org.hibernate.orm.jdbc.bind - binding parameter (2:VARCHAR) <- [Inside Out]
2026-05-13 17:52:03.133 DEBUG [BestMovie4you_bot Telegram Executor] org.hibernate.SQL - select case when count(fe1_0.id)>0 then 1 else 0 end from films fe1_0 where fe1_0.user_id=? and fe1_0.original_title=?
2026-05-13 17:52:03.133 TRACE [BestMovie4you_bot Telegram Executor] org.hibernate.orm.jdbc.bind - binding parameter (1:BIGINT) <- [1]
2026-05-13 17:52:03.133 TRACE [BestMovie4you_bot Telegram Executor] org.hibernate.orm.jdbc.bind - binding parameter (2:VARCHAR) <- [Hamnet]
2026-05-13 17:52:03.133 DEBUG [BestMovie4you_bot Telegram Executor] org.hibernate.SQL - select case when count(fe1_0.id)>0 then 1 else 0 end from films fe1_0 where fe1_0.user_id=? and fe1_0.original_title=?
2026-05-13 17:52:03.134 TRACE [BestMovie4you_bot Telegram Executor] org.hibernate.orm.jdbc.bind - binding parameter (1:BIGINT) <- [1]
2026-05-13 17:52:03.134 TRACE [BestMovie4you_bot Telegram Executor] org.hibernate.orm.jdbc.bind - binding parameter (2:VARCHAR) <- [Blade Runner 2049]
2026-05-13 17:52:03.134 DEBUG [BestMovie4you_bot Telegram Executor] org.hibernate.SQL - select case when count(fe1_0.id)>0 then 1 else 0 end from films fe1_0 where fe1_0.user_id=? and fe1_0.original_title=?
2026-05-13 17:52:03.134 TRACE [BestMovie4you_bot Telegram Executor] org.hibernate.orm.jdbc.bind - binding parameter (1:BIGINT) <- [1]
2026-05-13 17:52:03.134 TRACE [BestMovie4you_bot Telegram Executor] org.hibernate.orm.jdbc.bind - binding parameter (2:VARCHAR) <- [The Lion King]
2026-05-13 17:52:03.134 DEBUG [BestMovie4you_bot Telegram Executor] org.hibernate.SQL - select case when count(fe1_0.id)>0 then 1 else 0 end from films fe1_0 where fe1_0.user_id=? and fe1_0.original_title=?
2026-05-13 17:52:03.134 TRACE [BestMovie4you_bot Telegram Executor] org.hibernate.orm.jdbc.bind - binding parameter (1:BIGINT) <- [1]
2026-05-13 17:52:03.135 TRACE [BestMovie4you_bot Telegram Executor] org.hibernate.orm.jdbc.bind - binding parameter (2:VARCHAR) <- [Peaky Blinders: The Immortal Man]
2026-05-13 17:52:03.135 DEBUG [BestMovie4you_bot Telegram Executor] org.hibernate.SQL - select case when count(fe1_0.id)>0 then 1 else 0 end from films fe1_0 where fe1_0.user_id=? and fe1_0.original_title=?
2026-05-13 17:52:03.135 TRACE [BestMovie4you_bot Telegram Executor] org.hibernate.orm.jdbc.bind - binding parameter (1:BIGINT) <- [1]
2026-05-13 17:52:03.135 TRACE [BestMovie4you_bot Telegram Executor] org.hibernate.orm.jdbc.bind - binding parameter (2:VARCHAR) <- [12 Angry Men]
2026-05-13 17:52:03.135 DEBUG [BestMovie4you_bot Telegram Executor] org.hibernate.SQL - select case when count(fe1_0.id)>0 then 1 else 0 end from films fe1_0 where fe1_0.user_id=? and fe1_0.original_title=?
2026-05-13 17:52:03.135 TRACE [BestMovie4you_bot Telegram Executor] org.hibernate.orm.jdbc.bind - binding parameter (1:BIGINT) <- [1]
2026-05-13 17:52:03.135 TRACE [BestMovie4you_bot Telegram Executor] org.hibernate.orm.jdbc.bind - binding parameter (2:VARCHAR) <- [Whiplash]
2026-05-13 17:52:03.136 DEBUG [BestMovie4you_bot Telegram Executor] org.hibernate.SQL - select case when count(fe1_0.id)>0 then 1 else 0 end from films fe1_0 where fe1_0.user_id=? and fe1_0.original_title=?
2026-05-13 17:52:03.136 TRACE [BestMovie4you_bot Telegram Executor] org.hibernate.orm.jdbc.bind - binding parameter (1:BIGINT) <- [1]
2026-05-13 17:52:03.136 TRACE [BestMovie4you_bot Telegram Executor] org.hibernate.orm.jdbc.bind - binding parameter (2:VARCHAR) <- [Frankenstein]
2026-05-13 17:52:03.137 DEBUG [BestMovie4you_bot Telegram Executor] org.hibernate.SQL - select case when count(fe1_0.id)>0 then 1 else 0 end from films fe1_0 where fe1_0.user_id=? and fe1_0.original_title=?
2026-05-13 17:52:03.137 TRACE [BestMovie4you_bot Telegram Executor] org.hibernate.orm.jdbc.bind - binding parameter (1:BIGINT) <- [1]
2026-05-13 17:52:03.137 TRACE [BestMovie4you_bot Telegram Executor] org.hibernate.orm.jdbc.bind - binding parameter (2:VARCHAR) <- [Real Steel]
2026-05-13 17:52:03.137 DEBUG [BestMovie4you_bot Telegram Executor] org.hibernate.SQL - select case when count(fe1_0.id)>0 then 1 else 0 end from films fe1_0 where fe1_0.user_id=? and fe1_0.original_title=?
2026-05-13 17:52:03.137 TRACE [BestMovie4you_bot Telegram Executor] org.hibernate.orm.jdbc.bind - binding parameter (1:BIGINT) <- [1]
2026-05-13 17:52:03.137 TRACE [BestMovie4you_bot Telegram Executor] org.hibernate.orm.jdbc.bind - binding parameter (2:VARCHAR) <- [The Proposal]
2026-05-13 17:52:03.138 DEBUG [BestMovie4you_bot Telegram Executor] org.hibernate.SQL - select case when count(fe1_0.id)>0 then 1 else 0 end from films fe1_0 where fe1_0.user_id=? and fe1_0.original_title=?
2026-05-13 17:52:03.138 TRACE [BestMovie4you_bot Telegram Executor] org.hibernate.orm.jdbc.bind - binding parameter (1:BIGINT) <- [1]
2026-05-13 17:52:03.138 TRACE [BestMovie4you_bot Telegram Executor] org.hibernate.orm.jdbc.bind - binding parameter (2:VARCHAR) <- [It]
2026-05-13 17:52:03.138 DEBUG [BestMovie4you_bot Telegram Executor] org.hibernate.SQL - select case when count(fe1_0.id)>0 then 1 else 0 end from films fe1_0 where fe1_0.user_id=? and fe1_0.original_title=?
2026-05-13 17:52:03.138 TRACE [BestMovie4you_bot Telegram Executor] org.hibernate.orm.jdbc.bind - binding parameter (1:BIGINT) <- [1]
2026-05-13 17:52:03.138 TRACE [BestMovie4you_bot Telegram Executor] org.hibernate.orm.jdbc.bind - binding parameter (2:VARCHAR) <- [Top Gun]
2026-05-13 17:52:03.138 DEBUG [BestMovie4you_bot Telegram Executor] org.hibernate.SQL - select case when count(fe1_0.id)>0 then 1 else 0 end from films fe1_0 where fe1_0.user_id=? and fe1_0.original_title=?
2026-05-13 17:52:03.138 TRACE [BestMovie4you_bot Telegram Executor] org.hibernate.orm.jdbc.bind - binding parameter (1:BIGINT) <- [1]
2026-05-13 17:52:03.138 TRACE [BestMovie4you_bot Telegram Executor] org.hibernate.orm.jdbc.bind - binding parameter (2:VARCHAR) <- [Shutter Island]
2026-05-13 17:52:03.139 DEBUG [BestMovie4you_bot Telegram Executor] org.hibernate.SQL - select case when count(fe1_0.id)>0 then 1 else 0 end from films fe1_0 where fe1_0.user_id=? and fe1_0.original_title=?
2026-05-13 17:52:03.139 TRACE [BestMovie4you_bot Telegram Executor] org.hibernate.orm.jdbc.bind - binding parameter (1:BIGINT) <- [1]
2026-05-13 17:52:03.139 TRACE [BestMovie4you_bot Telegram Executor] org.hibernate.orm.jdbc.bind - binding parameter (2:VARCHAR) <- [The Idea of You]
2026-05-13 17:52:03.139 DEBUG [BestMovie4you_bot Telegram Executor] org.hibernate.SQL - select case when count(fe1_0.id)>0 then 1 else 0 end from films fe1_0 where fe1_0.user_id=? and fe1_0.original_title=?
2026-05-13 17:52:03.139 TRACE [BestMovie4you_bot Telegram Executor] org.hibernate.orm.jdbc.bind - binding parameter (1:BIGINT) <- [1]
2026-05-13 17:52:03.139 TRACE [BestMovie4you_bot Telegram Executor] org.hibernate.orm.jdbc.bind - binding parameter (2:VARCHAR) <- [Heat]
2026-05-13 17:52:03.140 DEBUG [BestMovie4you_bot Telegram Executor] org.hibernate.SQL - select case when count(fe1_0.id)>0 then 1 else 0 end from films fe1_0 where fe1_0.user_id=? and fe1_0.original_title=?
2026-05-13 17:52:03.140 TRACE [BestMovie4you_bot Telegram Executor] org.hibernate.orm.jdbc.bind - binding parameter (1:BIGINT) <- [1]
2026-05-13 17:52:03.140 TRACE [BestMovie4you_bot Telegram Executor] org.hibernate.orm.jdbc.bind - binding parameter (2:VARCHAR) <- [Joker]
2026-05-13 17:52:03.140 DEBUG [BestMovie4you_bot Telegram Executor] org.hibernate.SQL - select case when count(fe1_0.id)>0 then 1 else 0 end from films fe1_0 where fe1_0.user_id=? and fe1_0.original_title=?
2026-05-13 17:52:03.140 TRACE [BestMovie4you_bot Telegram Executor] org.hibernate.orm.jdbc.bind - binding parameter (1:BIGINT) <- [1]
2026-05-13 17:52:03.140 TRACE [BestMovie4you_bot Telegram Executor] org.hibernate.orm.jdbc.bind - binding parameter (2:VARCHAR) <- [The Notebook]
2026-05-13 17:52:03.140 DEBUG [BestMovie4you_bot Telegram Executor] org.hibernate.SQL - select case when count(fe1_0.id)>0 then 1 else 0 end from films fe1_0 where fe1_0.user_id=? and fe1_0.original_title=?
2026-05-13 17:52:03.141 TRACE [BestMovie4you_bot Telegram Executor] org.hibernate.orm.jdbc.bind - binding parameter (1:BIGINT) <- [1]
2026-05-13 17:52:03.141 TRACE [BestMovie4you_bot Telegram Executor] org.hibernate.orm.jdbc.bind - binding parameter (2:VARCHAR) <- [Gladiator]
2026-05-13 17:52:03.141 DEBUG [BestMovie4you_bot Telegram Executor] org.hibernate.SQL - select case when count(fe1_0.id)>0 then 1 else 0 end from films fe1_0 where fe1_0.user_id=? and fe1_0.original_title=?
2026-05-13 17:52:03.141 TRACE [BestMovie4you_bot Telegram Executor] org.hibernate.orm.jdbc.bind - binding parameter (1:BIGINT) <- [1]
2026-05-13 17:52:03.141 TRACE [BestMovie4you_bot Telegram Executor] org.hibernate.orm.jdbc.bind - binding parameter (2:VARCHAR) <- [Scarface]
2026-05-13 17:52:03.142 DEBUG [BestMovie4you_bot Telegram Executor] org.hibernate.SQL - select case when count(fe1_0.id)>0 then 1 else 0 end from films fe1_0 where fe1_0.user_id=? and fe1_0.original_title=?
2026-05-13 17:52:03.142 TRACE [BestMovie4you_bot Telegram Executor] org.hibernate.orm.jdbc.bind - binding parameter (1:BIGINT) <- [1]
2026-05-13 17:52:03.142 TRACE [BestMovie4you_bot Telegram Executor] org.hibernate.orm.jdbc.bind - binding parameter (2:VARCHAR) <- [Eternal Sunshine of the Spotless Mind]
2026-05-13 17:52:03.142 DEBUG [BestMovie4you_bot Telegram Executor] org.hibernate.SQL - select case when count(fe1_0.id)>0 then 1 else 0 end from films fe1_0 where fe1_0.user_id=? and fe1_0.original_title=?
2026-05-13 17:52:03.142 TRACE [BestMovie4you_bot Telegram Executor] org.hibernate.orm.jdbc.bind - binding parameter (1:BIGINT) <- [1]
2026-05-13 17:52:03.142 TRACE [BestMovie4you_bot Telegram Executor] org.hibernate.orm.jdbc.bind - binding parameter (2:VARCHAR) <- [Gone Girl]
2026-05-13 17:52:03.143 DEBUG [BestMovie4you_bot Telegram Executor] org.hibernate.SQL - select case when count(fe1_0.id)>0 then 1 else 0 end from films fe1_0 where fe1_0.user_id=? and fe1_0.original_title=?
2026-05-13 17:52:03.143 TRACE [BestMovie4you_bot Telegram Executor] org.hibernate.orm.jdbc.bind - binding parameter (1:BIGINT) <- [1]
2026-05-13 17:52:03.143 TRACE [BestMovie4you_bot Telegram Executor] org.hibernate.orm.jdbc.bind - binding parameter (2:VARCHAR) <- [The Truman Show]
2026-05-13 17:52:03.143 DEBUG [BestMovie4you_bot Telegram Executor] org.hibernate.SQL - select case when count(fe1_0.id)>0 then 1 else 0 end from films fe1_0 where fe1_0.user_id=? and fe1_0.original_title=?
2026-05-13 17:52:03.143 TRACE [BestMovie4you_bot Telegram Executor] org.hibernate.orm.jdbc.bind - binding parameter (1:BIGINT) <- [1]
2026-05-13 17:52:03.143 TRACE [BestMovie4you_bot Telegram Executor] org.hibernate.orm.jdbc.bind - binding parameter (2:VARCHAR) <- [The Dark Knight Rises]
2026-05-13 17:52:03.143 DEBUG [BestMovie4you_bot Telegram Executor] org.hibernate.SQL - select case when count(fe1_0.id)>0 then 1 else 0 end from films fe1_0 where fe1_0.user_id=? and fe1_0.original_title=?
2026-05-13 17:52:03.143 TRACE [BestMovie4you_bot Telegram Executor] org.hibernate.orm.jdbc.bind - binding parameter (1:BIGINT) <- [1]
2026-05-13 17:52:03.143 TRACE [BestMovie4you_bot Telegram Executor] org.hibernate.orm.jdbc.bind - binding parameter (2:VARCHAR) <- [Conclave]
2026-05-13 17:52:03.144 DEBUG [BestMovie4you_bot Telegram Executor] org.hibernate.SQL - select case when count(fe1_0.id)>0 then 1 else 0 end from films fe1_0 where fe1_0.user_id=? and fe1_0.original_title=?
2026-05-13 17:52:03.144 TRACE [BestMovie4you_bot Telegram Executor] org.hibernate.orm.jdbc.bind - binding parameter (1:BIGINT) <- [1]
2026-05-13 17:52:03.144 TRACE [BestMovie4you_bot Telegram Executor] org.hibernate.orm.jdbc.bind - binding parameter (2:VARCHAR) <- [Hacksaw Ridge]
2026-05-13 17:52:03.145 DEBUG [BestMovie4you_bot Telegram Executor] org.hibernate.SQL - select case when count(fe1_0.id)>0 then 1 else 0 end from films fe1_0 where fe1_0.user_id=? and fe1_0.original_title=?
2026-05-13 17:52:03.145 TRACE [BestMovie4you_bot Telegram Executor] org.hibernate.orm.jdbc.bind - binding parameter (1:BIGINT) <- [1]
2026-05-13 17:52:03.145 TRACE [BestMovie4you_bot Telegram Executor] org.hibernate.orm.jdbc.bind - binding parameter (2:VARCHAR) <- [Dead Poets Society]
2026-05-13 17:52:03.145 DEBUG [BestMovie4you_bot Telegram Executor] org.hibernate.SQL - select case when count(fe1_0.id)>0 then 1 else 0 end from films fe1_0 where fe1_0.user_id=? and fe1_0.original_title=?
2026-05-13 17:52:03.145 TRACE [BestMovie4you_bot Telegram Executor] org.hibernate.orm.jdbc.bind - binding parameter (1:BIGINT) <- [1]
2026-05-13 17:52:03.145 TRACE [BestMovie4you_bot Telegram Executor] org.hibernate.orm.jdbc.bind - binding parameter (2:VARCHAR) <- [Kingdom of Heaven]
2026-05-13 17:52:03.145 DEBUG [BestMovie4you_bot Telegram Executor] org.hibernate.SQL - select case when count(fe1_0.id)>0 then 1 else 0 end from films fe1_0 where fe1_0.user_id=? and fe1_0.original_title=?
2026-05-13 17:52:03.145 TRACE [BestMovie4you_bot Telegram Executor] org.hibernate.orm.jdbc.bind - binding parameter (1:BIGINT) <- [1]
2026-05-13 17:52:03.145 TRACE [BestMovie4you_bot Telegram Executor] org.hibernate.orm.jdbc.bind - binding parameter (2:VARCHAR) <- [Logan]
2026-05-13 17:52:03.145 DEBUG [BestMovie4you_bot Telegram Executor] org.hibernate.SQL - select case when count(fe1_0.id)>0 then 1 else 0 end from films fe1_0 where fe1_0.user_id=? and fe1_0.original_title=?
2026-05-13 17:52:03.145 TRACE [BestMovie4you_bot Telegram Executor] org.hibernate.orm.jdbc.bind - binding parameter (1:BIGINT) <- [1]
2026-05-13 17:52:03.145 TRACE [BestMovie4you_bot Telegram Executor] org.hibernate.orm.jdbc.bind - binding parameter (2:VARCHAR) <- [Inglourious Basterds]
2026-05-13 17:52:07.497 DEBUG [BestMovie4you_bot Telegram Executor] org.hibernate.SQL - select ue1_0.id,ue1_0.chat_id,ue1_0.name,ue1_0.user_tg_id from users ue1_0 where ue1_0.user_tg_id=?
2026-05-13 17:52:07.497 TRACE [BestMovie4you_bot Telegram Executor] org.hibernate.orm.jdbc.bind - binding parameter (1:BIGINT) <- [1364198563]
2026-05-13 17:52:07.498 DEBUG [BestMovie4you_bot Telegram Executor] org.hibernate.SQL - INSERT INTO films (original_title, user_id) VALUES (?, ?)
2026-05-13 17:52:07.498 TRACE [BestMovie4you_bot Telegram Executor] org.hibernate.orm.jdbc.bind - binding parameter (1:VARCHAR) <- [The Devil Wears Prada]
2026-05-13 17:52:07.498 TRACE [BestMovie4you_bot Telegram Executor] org.hibernate.orm.jdbc.bind - binding parameter (2:BIGINT) <- [1]
2026-05-13 17:52:08.986 DEBUG [BestMovie4you_bot Telegram Executor] org.hibernate.SQL - select ue1_0.id,ue1_0.chat_id,ue1_0.name,ue1_0.user_tg_id from users ue1_0 where ue1_0.user_tg_id=?
2026-05-13 17:52:08.987 TRACE [BestMovie4you_bot Telegram Executor] org.hibernate.orm.jdbc.bind - binding parameter (1:BIGINT) <- [1364198563]
2026-05-13 17:52:08.988 DEBUG [BestMovie4you_bot Telegram Executor] org.hibernate.SQL - select fe1_0.id,fe1_0.original_title,fe1_0.user_id from films fe1_0 where fe1_0.user_id=?
2026-05-13 17:52:08.988 TRACE [BestMovie4you_bot Telegram Executor] org.hibernate.orm.jdbc.bind - binding parameter (1:BIGINT) <- [1]
2026-05-13 17:52:10.443 DEBUG [BestMovie4you_bot Telegram Executor] org.hibernate.SQL - delete from films where id=?
2026-05-13 17:52:10.444 TRACE [BestMovie4you_bot Telegram Executor] org.hibernate.orm.jdbc.bind - binding parameter (1:BIGINT) <- [5]
2026-05-13 17:52:17.096 DEBUG [BestMovie4you_bot Telegram Executor] org.hibernate.SQL - select ue1_0.id,ue1_0.chat_id,ue1_0.name,ue1_0.user_tg_id from users ue1_0 where ue1_0.user_tg_id=?
2026-05-13 17:52:17.097 TRACE [BestMovie4you_bot Telegram Executor] org.hibernate.orm.jdbc.bind - binding parameter (1:BIGINT) <- [1364198563]
2026-05-13 17:52:18.055 DEBUG [BestMovie4you_bot Telegram Executor] org.hibernate.SQL - select case when count(fe1_0.id)>0 then 1 else 0 end from films fe1_0 where fe1_0.user_id=? and fe1_0.original_title=?
2026-05-13 17:52:18.055 TRACE [BestMovie4you_bot Telegram Executor] org.hibernate.orm.jdbc.bind - binding parameter (1:BIGINT) <- [1]
2026-05-13 17:52:18.056 TRACE [BestMovie4you_bot Telegram Executor] org.hibernate.orm.jdbc.bind - binding parameter (2:VARCHAR) <- [Swapped]
2026-05-13 17:52:18.056 DEBUG [BestMovie4you_bot Telegram Executor] org.hibernate.SQL - select case when count(fe1_0.id)>0 then 1 else 0 end from films fe1_0 where fe1_0.user_id=? and fe1_0.original_title=?
2026-05-13 17:52:18.056 TRACE [BestMovie4you_bot Telegram Executor] org.hibernate.orm.jdbc.bind - binding parameter (1:BIGINT) <- [1]
2026-05-13 17:52:18.056 TRACE [BestMovie4you_bot Telegram Executor] org.hibernate.orm.jdbc.bind - binding parameter (2:VARCHAR) <- [The Devil Wears Prada]
2026-05-13 17:52:18.057 DEBUG [BestMovie4you_bot Telegram Executor] org.hibernate.SQL - select case when count(fe1_0.id)>0 then 1 else 0 end from films fe1_0 where fe1_0.user_id=? and fe1_0.original_title=?
2026-05-13 17:52:18.057 TRACE [BestMovie4you_bot Telegram Executor] org.hibernate.orm.jdbc.bind - binding parameter (1:BIGINT) <- [1]
2026-05-13 17:52:18.057 TRACE [BestMovie4you_bot Telegram Executor] org.hibernate.orm.jdbc.bind - binding parameter (2:VARCHAR) <- [Michael]
2026-05-13 17:52:18.058 DEBUG [BestMovie4you_bot Telegram Executor] org.hibernate.SQL - select case when count(fe1_0.id)>0 then 1 else 0 end from films fe1_0 where fe1_0.user_id=? and fe1_0.original_title=?
2026-05-13 17:52:18.058 TRACE [BestMovie4you_bot Telegram Executor] org.hibernate.orm.jdbc.bind - binding parameter (1:BIGINT) <- [1]
2026-05-13 17:52:18.058 TRACE [BestMovie4you_bot Telegram Executor] org.hibernate.orm.jdbc.bind - binding parameter (2:VARCHAR) <- [Remarkably Bright Creatures]
2026-05-13 17:52:18.059 DEBUG [BestMovie4you_bot Telegram Executor] org.hibernate.SQL - select case when count(fe1_0.id)>0 then 1 else 0 end from films fe1_0 where fe1_0.user_id=? and fe1_0.original_title=?
2026-05-13 17:52:18.059 TRACE [BestMovie4you_bot Telegram Executor] org.hibernate.orm.jdbc.bind - binding parameter (1:BIGINT) <- [1]
2026-05-13 17:52:18.059 TRACE [BestMovie4you_bot Telegram Executor] org.hibernate.orm.jdbc.bind - binding parameter (2:VARCHAR) <- [Apocalypto]
2026-05-13 17:52:18.060 DEBUG [BestMovie4you_bot Telegram Executor] org.hibernate.SQL - select case when count(fe1_0.id)>0 then 1 else 0 end from films fe1_0 where fe1_0.user_id=? and fe1_0.original_title=?
2026-05-13 17:52:18.060 TRACE [BestMovie4you_bot Telegram Executor] org.hibernate.orm.jdbc.bind - binding parameter (1:BIGINT) <- [1]
2026-05-13 17:52:18.060 TRACE [BestMovie4you_bot Telegram Executor] org.hibernate.orm.jdbc.bind - binding parameter (2:VARCHAR) <- [Interstellar]
2026-05-13 17:52:18.060 DEBUG [BestMovie4you_bot Telegram Executor] org.hibernate.SQL - select case when count(fe1_0.id)>0 then 1 else 0 end from films fe1_0 where fe1_0.user_id=? and fe1_0.original_title=?
2026-05-13 17:52:18.060 TRACE [BestMovie4you_bot Telegram Executor] org.hibernate.orm.jdbc.bind - binding parameter (1:BIGINT) <- [1]
2026-05-13 17:52:18.060 TRACE [BestMovie4you_bot Telegram Executor] org.hibernate.orm.jdbc.bind - binding parameter (2:VARCHAR) <- [The Shawshank Redemption]
2026-05-13 17:52:18.062 DEBUG [BestMovie4you_bot Telegram Executor] org.hibernate.SQL - select case when count(fe1_0.id)>0 then 1 else 0 end from films fe1_0 where fe1_0.user_id=? and fe1_0.original_title=?
2026-05-13 17:52:18.062 TRACE [BestMovie4you_bot Telegram Executor] org.hibernate.orm.jdbc.bind - binding parameter (1:BIGINT) <- [1]
2026-05-13 17:52:18.062 TRACE [BestMovie4you_bot Telegram Executor] org.hibernate.orm.jdbc.bind - binding parameter (2:VARCHAR) <- [F1]
2026-05-13 17:52:18.062 DEBUG [BestMovie4you_bot Telegram Executor] org.hibernate.SQL - select case when count(fe1_0.id)>0 then 1 else 0 end from films fe1_0 where fe1_0.user_id=? and fe1_0.original_title=?
2026-05-13 17:52:18.062 TRACE [BestMovie4you_bot Telegram Executor] org.hibernate.orm.jdbc.bind - binding parameter (1:BIGINT) <- [1]
2026-05-13 17:52:18.062 TRACE [BestMovie4you_bot Telegram Executor] org.hibernate.orm.jdbc.bind - binding parameter (2:VARCHAR) <- [The Godfather]
2026-05-13 17:52:18.062 DEBUG [BestMovie4you_bot Telegram Executor] org.hibernate.SQL - select case when count(fe1_0.id)>0 then 1 else 0 end from films fe1_0 where fe1_0.user_id=? and fe1_0.original_title=?
2026-05-13 17:52:18.062 TRACE [BestMovie4you_bot Telegram Executor] org.hibernate.orm.jdbc.bind - binding parameter (1:BIGINT) <- [1]
2026-05-13 17:52:18.062 TRACE [BestMovie4you_bot Telegram Executor] org.hibernate.orm.jdbc.bind - binding parameter (2:VARCHAR) <- [A Marvel Television Special Presentation - The Punisher: One Last Kill]
2026-05-13 17:52:18.063 DEBUG [BestMovie4you_bot Telegram Executor] org.hibernate.SQL - select case when count(fe1_0.id)>0 then 1 else 0 end from films fe1_0 where fe1_0.user_id=? and fe1_0.original_title=?
2026-05-13 17:52:18.063 TRACE [BestMovie4you_bot Telegram Executor] org.hibernate.orm.jdbc.bind - binding parameter (1:BIGINT) <- [1]
2026-05-13 17:52:18.063 TRACE [BestMovie4you_bot Telegram Executor] org.hibernate.orm.jdbc.bind - binding parameter (2:VARCHAR) <- [Reminders of Him]
2026-05-13 17:52:18.063 DEBUG [BestMovie4you_bot Telegram Executor] org.hibernate.SQL - select case when count(fe1_0.id)>0 then 1 else 0 end from films fe1_0 where fe1_0.user_id=? and fe1_0.original_title=?
2026-05-13 17:52:18.064 TRACE [BestMovie4you_bot Telegram Executor] org.hibernate.orm.jdbc.bind - binding parameter (1:BIGINT) <- [1]
2026-05-13 17:52:18.064 TRACE [BestMovie4you_bot Telegram Executor] org.hibernate.orm.jdbc.bind - binding parameter (2:VARCHAR) <- [Forrest Gump]
2026-05-13 17:52:18.064 DEBUG [BestMovie4you_bot Telegram Executor] org.hibernate.SQL - select case when count(fe1_0.id)>0 then 1 else 0 end from films fe1_0 where fe1_0.user_id=? and fe1_0.original_title=?
2026-05-13 17:52:18.064 TRACE [BestMovie4you_bot Telegram Executor] org.hibernate.orm.jdbc.bind - binding parameter (1:BIGINT) <- [1]
2026-05-13 17:52:18.065 TRACE [BestMovie4you_bot Telegram Executor] org.hibernate.orm.jdbc.bind - binding parameter (2:VARCHAR) <- [Fight Club]
2026-05-13 17:52:18.065 DEBUG [BestMovie4you_bot Telegram Executor] org.hibernate.SQL - select case when count(fe1_0.id)>0 then 1 else 0 end from films fe1_0 where fe1_0.user_id=? and fe1_0.original_title=?
2026-05-13 17:52:18.065 TRACE [BestMovie4you_bot Telegram Executor] org.hibernate.orm.jdbc.bind - binding parameter (1:BIGINT) <- [1]
2026-05-13 17:52:18.065 TRACE [BestMovie4you_bot Telegram Executor] org.hibernate.orm.jdbc.bind - binding parameter (2:VARCHAR) <- [GoodFellas]
2026-05-13 17:52:18.065 DEBUG [BestMovie4you_bot Telegram Executor] org.hibernate.SQL - select case when count(fe1_0.id)>0 then 1 else 0 end from films fe1_0 where fe1_0.user_id=? and fe1_0.original_title=?
2026-05-13 17:52:18.065 TRACE [BestMovie4you_bot Telegram Executor] org.hibernate.orm.jdbc.bind - binding parameter (1:BIGINT) <- [1]
2026-05-13 17:52:18.065 TRACE [BestMovie4you_bot Telegram Executor] org.hibernate.orm.jdbc.bind - binding parameter (2:VARCHAR) <- [Nuremberg]
2026-05-13 17:52:18.066 DEBUG [BestMovie4you_bot Telegram Executor] org.hibernate.SQL - select case when count(fe1_0.id)>0 then 1 else 0 end from films fe1_0 where fe1_0.user_id=? and fe1_0.original_title=?
2026-05-13 17:52:18.066 TRACE [BestMovie4you_bot Telegram Executor] org.hibernate.orm.jdbc.bind - binding parameter (1:BIGINT) <- [1]
2026-05-13 17:52:18.066 TRACE [BestMovie4you_bot Telegram Executor] org.hibernate.orm.jdbc.bind - binding parameter (2:VARCHAR) <- [Oppenheimer]
2026-05-13 17:52:18.066 DEBUG [BestMovie4you_bot Telegram Executor] org.hibernate.SQL - select case when count(fe1_0.id)>0 then 1 else 0 end from films fe1_0 where fe1_0.user_id=? and fe1_0.original_title=?
2026-05-13 17:52:18.066 TRACE [BestMovie4you_bot Telegram Executor] org.hibernate.orm.jdbc.bind - binding parameter (1:BIGINT) <- [1]
2026-05-13 17:52:18.066 TRACE [BestMovie4you_bot Telegram Executor] org.hibernate.orm.jdbc.bind - binding parameter (2:VARCHAR) <- [Titanic]
2026-05-13 17:52:18.067 DEBUG [BestMovie4you_bot Telegram Executor] org.hibernate.SQL - select case when count(fe1_0.id)>0 then 1 else 0 end from films fe1_0 where fe1_0.user_id=? and fe1_0.original_title=?
2026-05-13 17:52:18.067 TRACE [BestMovie4you_bot Telegram Executor] org.hibernate.orm.jdbc.bind - binding parameter (1:BIGINT) <- [1]
2026-05-13 17:52:18.067 TRACE [BestMovie4you_bot Telegram Executor] org.hibernate.orm.jdbc.bind - binding parameter (2:VARCHAR) <- [Schindler's List]
2026-05-13 17:52:18.067 DEBUG [BestMovie4you_bot Telegram Executor] org.hibernate.SQL - select case when count(fe1_0.id)>0 then 1 else 0 end from films fe1_0 where fe1_0.user_id=? and fe1_0.original_title=?
2026-05-13 17:52:18.068 TRACE [BestMovie4you_bot Telegram Executor] org.hibernate.orm.jdbc.bind - binding parameter (1:BIGINT) <- [1]
2026-05-13 17:52:18.068 TRACE [BestMovie4you_bot Telegram Executor] org.hibernate.orm.jdbc.bind - binding parameter (2:VARCHAR) <- [The Godfather Part II]
2026-05-13 17:52:18.068 DEBUG [BestMovie4you_bot Telegram Executor] org.hibernate.SQL - select case when count(fe1_0.id)>0 then 1 else 0 end from films fe1_0 where fe1_0.user_id=? and fe1_0.original_title=?
2026-05-13 17:52:18.068 TRACE [BestMovie4you_bot Telegram Executor] org.hibernate.orm.jdbc.bind - binding parameter (1:BIGINT) <- [1]
2026-05-13 17:52:18.068 TRACE [BestMovie4you_bot Telegram Executor] org.hibernate.orm.jdbc.bind - binding parameter (2:VARCHAR) <- [The Green Mile]
2026-05-13 17:52:18.069 DEBUG [BestMovie4you_bot Telegram Executor] org.hibernate.SQL - select case when count(fe1_0.id)>0 then 1 else 0 end from films fe1_0 where fe1_0.user_id=? and fe1_0.original_title=?
2026-05-13 17:52:18.069 TRACE [BestMovie4you_bot Telegram Executor] org.hibernate.orm.jdbc.bind - binding parameter (1:BIGINT) <- [1]
2026-05-13 17:52:18.069 TRACE [BestMovie4you_bot Telegram Executor] org.hibernate.orm.jdbc.bind - binding parameter (2:VARCHAR) <- [Marty Supreme]
2026-05-13 17:52:18.069 DEBUG [BestMovie4you_bot Telegram Executor] org.hibernate.SQL - select case when count(fe1_0.id)>0 then 1 else 0 end from films fe1_0 where fe1_0.user_id=? and fe1_0.original_title=?
2026-05-13 17:52:18.069 TRACE [BestMovie4you_bot Telegram Executor] org.hibernate.orm.jdbc.bind - binding parameter (1:BIGINT) <- [1]
2026-05-13 17:52:18.069 TRACE [BestMovie4you_bot Telegram Executor] org.hibernate.orm.jdbc.bind - binding parameter (2:VARCHAR) <- [David]
2026-05-13 17:52:18.070 DEBUG [BestMovie4you_bot Telegram Executor] org.hibernate.SQL - select case when count(fe1_0.id)>0 then 1 else 0 end from films fe1_0 where fe1_0.user_id=? and fe1_0.original_title=?
2026-05-13 17:52:18.070 TRACE [BestMovie4you_bot Telegram Executor] org.hibernate.orm.jdbc.bind - binding parameter (1:BIGINT) <- [1]
2026-05-13 17:52:18.070 TRACE [BestMovie4you_bot Telegram Executor] org.hibernate.orm.jdbc.bind - binding parameter (2:VARCHAR) <- [The Wolf of Wall Street]
2026-05-13 17:52:18.070 DEBUG [BestMovie4you_bot Telegram Executor] org.hibernate.SQL - select case when count(fe1_0.id)>0 then 1 else 0 end from films fe1_0 where fe1_0.user_id=? and fe1_0.original_title=?
2026-05-13 17:52:18.070 TRACE [BestMovie4you_bot Telegram Executor] org.hibernate.orm.jdbc.bind - binding parameter (1:BIGINT) <- [1]
2026-05-13 17:52:18.070 TRACE [BestMovie4you_bot Telegram Executor] org.hibernate.orm.jdbc.bind - binding parameter (2:VARCHAR) <- [Inside Out]
2026-05-13 17:52:18.071 DEBUG [BestMovie4you_bot Telegram Executor] org.hibernate.SQL - select case when count(fe1_0.id)>0 then 1 else 0 end from films fe1_0 where fe1_0.user_id=? and fe1_0.original_title=?
2026-05-13 17:52:18.071 TRACE [BestMovie4you_bot Telegram Executor] org.hibernate.orm.jdbc.bind - binding parameter (1:BIGINT) <- [1]
2026-05-13 17:52:18.071 TRACE [BestMovie4you_bot Telegram Executor] org.hibernate.orm.jdbc.bind - binding parameter (2:VARCHAR) <- [Hamnet]
2026-05-13 17:52:18.071 DEBUG [BestMovie4you_bot Telegram Executor] org.hibernate.SQL - select case when count(fe1_0.id)>0 then 1 else 0 end from films fe1_0 where fe1_0.user_id=? and fe1_0.original_title=?
2026-05-13 17:52:18.071 TRACE [BestMovie4you_bot Telegram Executor] org.hibernate.orm.jdbc.bind - binding parameter (1:BIGINT) <- [1]
2026-05-13 17:52:18.071 TRACE [BestMovie4you_bot Telegram Executor] org.hibernate.orm.jdbc.bind - binding parameter (2:VARCHAR) <- [Blade Runner 2049]
2026-05-13 17:52:18.071 DEBUG [BestMovie4you_bot Telegram Executor] org.hibernate.SQL - select case when count(fe1_0.id)>0 then 1 else 0 end from films fe1_0 where fe1_0.user_id=? and fe1_0.original_title=?
2026-05-13 17:52:18.071 TRACE [BestMovie4you_bot Telegram Executor] org.hibernate.orm.jdbc.bind - binding parameter (1:BIGINT) <- [1]
2026-05-13 17:52:18.071 TRACE [BestMovie4you_bot Telegram Executor] org.hibernate.orm.jdbc.bind - binding parameter (2:VARCHAR) <- [The Lion King]
2026-05-13 17:52:18.071 DEBUG [BestMovie4you_bot Telegram Executor] org.hibernate.SQL - select case when count(fe1_0.id)>0 then 1 else 0 end from films fe1_0 where fe1_0.user_id=? and fe1_0.original_title=?
2026-05-13 17:52:18.071 TRACE [BestMovie4you_bot Telegram Executor] org.hibernate.orm.jdbc.bind - binding parameter (1:BIGINT) <- [1]
2026-05-13 17:52:18.071 TRACE [BestMovie4you_bot Telegram Executor] org.hibernate.orm.jdbc.bind - binding parameter (2:VARCHAR) <- [Peaky Blinders: The Immortal Man]
2026-05-13 17:52:18.073 DEBUG [BestMovie4you_bot Telegram Executor] org.hibernate.SQL - select case when count(fe1_0.id)>0 then 1 else 0 end from films fe1_0 where fe1_0.user_id=? and fe1_0.original_title=?
2026-05-13 17:52:18.073 TRACE [BestMovie4you_bot Telegram Executor] org.hibernate.orm.jdbc.bind - binding parameter (1:BIGINT) <- [1]
2026-05-13 17:52:18.073 TRACE [BestMovie4you_bot Telegram Executor] org.hibernate.orm.jdbc.bind - binding parameter (2:VARCHAR) <- [12 Angry Men]
2026-05-13 17:52:18.073 DEBUG [BestMovie4you_bot Telegram Executor] org.hibernate.SQL - select case when count(fe1_0.id)>0 then 1 else 0 end from films fe1_0 where fe1_0.user_id=? and fe1_0.original_title=?
2026-05-13 17:52:18.073 TRACE [BestMovie4you_bot Telegram Executor] org.hibernate.orm.jdbc.bind - binding parameter (1:BIGINT) <- [1]
2026-05-13 17:52:18.073 TRACE [BestMovie4you_bot Telegram Executor] org.hibernate.orm.jdbc.bind - binding parameter (2:VARCHAR) <- [Whiplash]
2026-05-13 17:52:18.073 DEBUG [BestMovie4you_bot Telegram Executor] org.hibernate.SQL - select case when count(fe1_0.id)>0 then 1 else 0 end from films fe1_0 where fe1_0.user_id=? and fe1_0.original_title=?
2026-05-13 17:52:18.073 TRACE [BestMovie4you_bot Telegram Executor] org.hibernate.orm.jdbc.bind - binding parameter (1:BIGINT) <- [1]
2026-05-13 17:52:18.073 TRACE [BestMovie4you_bot Telegram Executor] org.hibernate.orm.jdbc.bind - binding parameter (2:VARCHAR) <- [Frankenstein]
2026-05-13 17:52:18.073 DEBUG [BestMovie4you_bot Telegram Executor] org.hibernate.SQL - select case when count(fe1_0.id)>0 then 1 else 0 end from films fe1_0 where fe1_0.user_id=? and fe1_0.original_title=?
2026-05-13 17:52:18.074 TRACE [BestMovie4you_bot Telegram Executor] org.hibernate.orm.jdbc.bind - binding parameter (1:BIGINT) <- [1]
2026-05-13 17:52:18.074 TRACE [BestMovie4you_bot Telegram Executor] org.hibernate.orm.jdbc.bind - binding parameter (2:VARCHAR) <- [Real Steel]
2026-05-13 17:52:18.074 DEBUG [BestMovie4you_bot Telegram Executor] org.hibernate.SQL - select case when count(fe1_0.id)>0 then 1 else 0 end from films fe1_0 where fe1_0.user_id=? and fe1_0.original_title=?
2026-05-13 17:52:18.074 TRACE [BestMovie4you_bot Telegram Executor] org.hibernate.orm.jdbc.bind - binding parameter (1:BIGINT) <- [1]
2026-05-13 17:52:18.074 TRACE [BestMovie4you_bot Telegram Executor] org.hibernate.orm.jdbc.bind - binding parameter (2:VARCHAR) <- [The Proposal]
2026-05-13 17:52:18.074 DEBUG [BestMovie4you_bot Telegram Executor] org.hibernate.SQL - select case when count(fe1_0.id)>0 then 1 else 0 end from films fe1_0 where fe1_0.user_id=? and fe1_0.original_title=?
2026-05-13 17:52:18.074 TRACE [BestMovie4you_bot Telegram Executor] org.hibernate.orm.jdbc.bind - binding parameter (1:BIGINT) <- [1]
2026-05-13 17:52:18.074 TRACE [BestMovie4you_bot Telegram Executor] org.hibernate.orm.jdbc.bind - binding parameter (2:VARCHAR) <- [It]
2026-05-13 17:52:18.074 DEBUG [BestMovie4you_bot Telegram Executor] org.hibernate.SQL - select case when count(fe1_0.id)>0 then 1 else 0 end from films fe1_0 where fe1_0.user_id=? and fe1_0.original_title=?
2026-05-13 17:52:18.074 TRACE [BestMovie4you_bot Telegram Executor] org.hibernate.orm.jdbc.bind - binding parameter (1:BIGINT) <- [1]
2026-05-13 17:52:18.074 TRACE [BestMovie4you_bot Telegram Executor] org.hibernate.orm.jdbc.bind - binding parameter (2:VARCHAR) <- [Top Gun]
2026-05-13 17:52:18.075 DEBUG [BestMovie4you_bot Telegram Executor] org.hibernate.SQL - select case when count(fe1_0.id)>0 then 1 else 0 end from films fe1_0 where fe1_0.user_id=? and fe1_0.original_title=?
2026-05-13 17:52:18.075 TRACE [BestMovie4you_bot Telegram Executor] org.hibernate.orm.jdbc.bind - binding parameter (1:BIGINT) <- [1]
2026-05-13 17:52:18.075 TRACE [BestMovie4you_bot Telegram Executor] org.hibernate.orm.jdbc.bind - binding parameter (2:VARCHAR) <- [Shutter Island]
2026-05-13 17:52:18.075 DEBUG [BestMovie4you_bot Telegram Executor] org.hibernate.SQL - select case when count(fe1_0.id)>0 then 1 else 0 end from films fe1_0 where fe1_0.user_id=? and fe1_0.original_title=?
2026-05-13 17:52:18.075 TRACE [BestMovie4you_bot Telegram Executor] org.hibernate.orm.jdbc.bind - binding parameter (1:BIGINT) <- [1]
2026-05-13 17:52:18.075 TRACE [BestMovie4you_bot Telegram Executor] org.hibernate.orm.jdbc.bind - binding parameter (2:VARCHAR) <- [The Idea of You]
2026-05-13 17:52:18.075 DEBUG [BestMovie4you_bot Telegram Executor] org.hibernate.SQL - select case when count(fe1_0.id)>0 then 1 else 0 end from films fe1_0 where fe1_0.user_id=? and fe1_0.original_title=?
2026-05-13 17:52:18.075 TRACE [BestMovie4you_bot Telegram Executor] org.hibernate.orm.jdbc.bind - binding parameter (1:BIGINT) <- [1]
2026-05-13 17:52:18.075 TRACE [BestMovie4you_bot Telegram Executor] org.hibernate.orm.jdbc.bind - binding parameter (2:VARCHAR) <- [Heat]
2026-05-13 17:52:18.075 DEBUG [BestMovie4you_bot Telegram Executor] org.hibernate.SQL - select case when count(fe1_0.id)>0 then 1 else 0 end from films fe1_0 where fe1_0.user_id=? and fe1_0.original_title=?
2026-05-13 17:52:18.075 TRACE [BestMovie4you_bot Telegram Executor] org.hibernate.orm.jdbc.bind - binding parameter (1:BIGINT) <- [1]
2026-05-13 17:52:18.075 TRACE [BestMovie4you_bot Telegram Executor] org.hibernate.orm.jdbc.bind - binding parameter (2:VARCHAR) <- [Joker]
2026-05-13 17:52:18.076 DEBUG [BestMovie4you_bot Telegram Executor] org.hibernate.SQL - select case when count(fe1_0.id)>0 then 1 else 0 end from films fe1_0 where fe1_0.user_id=? and fe1_0.original_title=?
2026-05-13 17:52:18.076 TRACE [BestMovie4you_bot Telegram Executor] org.hibernate.orm.jdbc.bind - binding parameter (1:BIGINT) <- [1]
2026-05-13 17:52:18.076 TRACE [BestMovie4you_bot Telegram Executor] org.hibernate.orm.jdbc.bind - binding parameter (2:VARCHAR) <- [The Notebook]
2026-05-13 17:52:18.076 DEBUG [BestMovie4you_bot Telegram Executor] org.hibernate.SQL - select case when count(fe1_0.id)>0 then 1 else 0 end from films fe1_0 where fe1_0.user_id=? and fe1_0.original_title=?
2026-05-13 17:52:18.076 TRACE [BestMovie4you_bot Telegram Executor] org.hibernate.orm.jdbc.bind - binding parameter (1:BIGINT) <- [1]
2026-05-13 17:52:18.076 TRACE [BestMovie4you_bot Telegram Executor] org.hibernate.orm.jdbc.bind - binding parameter (2:VARCHAR) <- [Gladiator]
2026-05-13 17:52:18.076 DEBUG [BestMovie4you_bot Telegram Executor] org.hibernate.SQL - select case when count(fe1_0.id)>0 then 1 else 0 end from films fe1_0 where fe1_0.user_id=? and fe1_0.original_title=?
2026-05-13 17:52:18.076 TRACE [BestMovie4you_bot Telegram Executor] org.hibernate.orm.jdbc.bind - binding parameter (1:BIGINT) <- [1]
2026-05-13 17:52:18.076 TRACE [BestMovie4you_bot Telegram Executor] org.hibernate.orm.jdbc.bind - binding parameter (2:VARCHAR) <- [Scarface]
2026-05-13 17:52:18.077 DEBUG [BestMovie4you_bot Telegram Executor] org.hibernate.SQL - select case when count(fe1_0.id)>0 then 1 else 0 end from films fe1_0 where fe1_0.user_id=? and fe1_0.original_title=?
2026-05-13 17:52:18.077 TRACE [BestMovie4you_bot Telegram Executor] org.hibernate.orm.jdbc.bind - binding parameter (1:BIGINT) <- [1]
2026-05-13 17:52:18.077 TRACE [BestMovie4you_bot Telegram Executor] org.hibernate.orm.jdbc.bind - binding parameter (2:VARCHAR) <- [Eternal Sunshine of the Spotless Mind]
2026-05-13 17:52:18.077 DEBUG [BestMovie4you_bot Telegram Executor] org.hibernate.SQL - select case when count(fe1_0.id)>0 then 1 else 0 end from films fe1_0 where fe1_0.user_id=? and fe1_0.original_title=?
2026-05-13 17:52:18.077 TRACE [BestMovie4you_bot Telegram Executor] org.hibernate.orm.jdbc.bind - binding parameter (1:BIGINT) <- [1]
2026-05-13 17:52:18.077 TRACE [BestMovie4you_bot Telegram Executor] org.hibernate.orm.jdbc.bind - binding parameter (2:VARCHAR) <- [Gone Girl]
2026-05-13 17:52:18.077 DEBUG [BestMovie4you_bot Telegram Executor] org.hibernate.SQL - select case when count(fe1_0.id)>0 then 1 else 0 end from films fe1_0 where fe1_0.user_id=? and fe1_0.original_title=?
2026-05-13 17:52:18.077 TRACE [BestMovie4you_bot Telegram Executor] org.hibernate.orm.jdbc.bind - binding parameter (1:BIGINT) <- [1]
2026-05-13 17:52:18.077 TRACE [BestMovie4you_bot Telegram Executor] org.hibernate.orm.jdbc.bind - binding parameter (2:VARCHAR) <- [The Truman Show]
2026-05-13 17:52:18.078 DEBUG [BestMovie4you_bot Telegram Executor] org.hibernate.SQL - select case when count(fe1_0.id)>0 then 1 else 0 end from films fe1_0 where fe1_0.user_id=? and fe1_0.original_title=?
2026-05-13 17:52:18.078 TRACE [BestMovie4you_bot Telegram Executor] org.hibernate.orm.jdbc.bind - binding parameter (1:BIGINT) <- [1]
2026-05-13 17:52:18.078 TRACE [BestMovie4you_bot Telegram Executor] org.hibernate.orm.jdbc.bind - binding parameter (2:VARCHAR) <- [The Dark Knight Rises]
2026-05-13 17:52:18.078 DEBUG [BestMovie4you_bot Telegram Executor] org.hibernate.SQL - select case when count(fe1_0.id)>0 then 1 else 0 end from films fe1_0 where fe1_0.user_id=? and fe1_0.original_title=?
2026-05-13 17:52:18.078 TRACE [BestMovie4you_bot Telegram Executor] org.hibernate.orm.jdbc.bind - binding parameter (1:BIGINT) <- [1]
2026-05-13 17:52:18.078 TRACE [BestMovie4you_bot Telegram Executor] org.hibernate.orm.jdbc.bind - binding parameter (2:VARCHAR) <- [Conclave]
2026-05-13 17:52:18.079 DEBUG [BestMovie4you_bot Telegram Executor] org.hibernate.SQL - select case when count(fe1_0.id)>0 then 1 else 0 end from films fe1_0 where fe1_0.user_id=? and fe1_0.original_title=?
2026-05-13 17:52:18.079 TRACE [BestMovie4you_bot Telegram Executor] org.hibernate.orm.jdbc.bind - binding parameter (1:BIGINT) <- [1]
2026-05-13 17:52:18.079 TRACE [BestMovie4you_bot Telegram Executor] org.hibernate.orm.jdbc.bind - binding parameter (2:VARCHAR) <- [Hacksaw Ridge]
2026-05-13 17:52:18.079 DEBUG [BestMovie4you_bot Telegram Executor] org.hibernate.SQL - select case when count(fe1_0.id)>0 then 1 else 0 end from films fe1_0 where fe1_0.user_id=? and fe1_0.original_title=?
2026-05-13 17:52:18.079 TRACE [BestMovie4you_bot Telegram Executor] org.hibernate.orm.jdbc.bind - binding parameter (1:BIGINT) <- [1]
2026-05-13 17:52:18.079 TRACE [BestMovie4you_bot Telegram Executor] org.hibernate.orm.jdbc.bind - binding parameter (2:VARCHAR) <- [Dead Poets Society]
2026-05-13 17:52:18.079 DEBUG [BestMovie4you_bot Telegram Executor] org.hibernate.SQL - select case when count(fe1_0.id)>0 then 1 else 0 end from films fe1_0 where fe1_0.user_id=? and fe1_0.original_title=?
2026-05-13 17:52:18.079 TRACE [BestMovie4you_bot Telegram Executor] org.hibernate.orm.jdbc.bind - binding parameter (1:BIGINT) <- [1]
2026-05-13 17:52:18.079 TRACE [BestMovie4you_bot Telegram Executor] org.hibernate.orm.jdbc.bind - binding parameter (2:VARCHAR) <- [Kingdom of Heaven]
2026-05-13 17:52:18.080 DEBUG [BestMovie4you_bot Telegram Executor] org.hibernate.SQL - select case when count(fe1_0.id)>0 then 1 else 0 end from films fe1_0 where fe1_0.user_id=? and fe1_0.original_title=?
2026-05-13 17:52:18.080 TRACE [BestMovie4you_bot Telegram Executor] org.hibernate.orm.jdbc.bind - binding parameter (1:BIGINT) <- [1]
2026-05-13 17:52:18.080 TRACE [BestMovie4you_bot Telegram Executor] org.hibernate.orm.jdbc.bind - binding parameter (2:VARCHAR) <- [Logan]
2026-05-13 17:52:18.080 DEBUG [BestMovie4you_bot Telegram Executor] org.hibernate.SQL - select case when count(fe1_0.id)>0 then 1 else 0 end from films fe1_0 where fe1_0.user_id=? and fe1_0.original_title=?
2026-05-13 17:52:18.082 TRACE [BestMovie4you_bot Telegram Executor] org.hibernate.orm.jdbc.bind - binding parameter (1:BIGINT) <- [1]
2026-05-13 17:52:18.082 TRACE [BestMovie4you_bot Telegram Executor] org.hibernate.orm.jdbc.bind - binding parameter (2:VARCHAR) <- [Inglourious Basterds]
2026-05-13 17:52:43.221 DEBUG [BestMovie4you_bot Telegram Executor] org.hibernate.SQL - select ue1_0.id,ue1_0.chat_id,ue1_0.name,ue1_0.user_tg_id from users ue1_0 where ue1_0.user_tg_id=?
2026-05-13 17:52:43.221 TRACE [BestMovie4you_bot Telegram Executor] org.hibernate.orm.jdbc.bind - binding parameter (1:BIGINT) <- [1364198563]
2026-05-13 17:52:43.222 DEBUG [BestMovie4you_bot Telegram Executor] org.hibernate.SQL - INSERT INTO films (original_title, user_id) VALUES (?, ?)
2026-05-13 17:52:43.222 TRACE [BestMovie4you_bot Telegram Executor] org.hibernate.orm.jdbc.bind - binding parameter (1:VARCHAR) <- [Project Hail Mary]
2026-05-13 17:52:43.222 TRACE [BestMovie4you_bot Telegram Executor] org.hibernate.orm.jdbc.bind - binding parameter (2:BIGINT) <- [1]
2026-05-13 17:52:47.907 DEBUG [BestMovie4you_bot Telegram Executor] org.hibernate.SQL - select ue1_0.id,ue1_0.chat_id,ue1_0.name,ue1_0.user_tg_id from users ue1_0 where ue1_0.user_tg_id=?
2026-05-13 17:52:47.907 TRACE [BestMovie4you_bot Telegram Executor] org.hibernate.orm.jdbc.bind - binding parameter (1:BIGINT) <- [1364198563]
2026-05-13 17:52:47.908 DEBUG [BestMovie4you_bot Telegram Executor] org.hibernate.SQL - INSERT INTO films (original_title, user_id) VALUES (?, ?)
2026-05-13 17:52:47.908 TRACE [BestMovie4you_bot Telegram Executor] org.hibernate.orm.jdbc.bind - binding parameter (1:VARCHAR) <- [Project Hail Mary]
2026-05-13 17:52:47.908 TRACE [BestMovie4you_bot Telegram Executor] org.hibernate.orm.jdbc.bind - binding parameter (2:BIGINT) <- [1]
2026-05-13 17:52:49.692 DEBUG [BestMovie4you_bot Telegram Executor] org.hibernate.SQL - select ue1_0.id,ue1_0.chat_id,ue1_0.name,ue1_0.user_tg_id from users ue1_0 where ue1_0.user_tg_id=?
2026-05-13 17:52:49.692 TRACE [BestMovie4you_bot Telegram Executor] org.hibernate.orm.jdbc.bind - binding parameter (1:BIGINT) <- [1364198563]
2026-05-13 17:52:49.693 DEBUG [BestMovie4you_bot Telegram Executor] org.hibernate.SQL - select fe1_0.id,fe1_0.original_title,fe1_0.user_id from films fe1_0 where fe1_0.user_id=?
2026-05-13 17:52:49.693 TRACE [BestMovie4you_bot Telegram Executor] org.hibernate.orm.jdbc.bind - binding parameter (1:BIGINT) <- [1]
2026-05-13 17:59:23.763 DEBUG [BestMovie4you_bot Telegram Executor] org.hibernate.SQL - select ue1_0.id,ue1_0.chat_id,ue1_0.name,ue1_0.user_tg_id from users ue1_0 where ue1_0.user_tg_id=?
2026-05-13 17:59:23.767 TRACE [BestMovie4you_bot Telegram Executor] org.hibernate.orm.jdbc.bind - binding parameter (1:BIGINT) <- [1364198563]
2026-05-13 17:59:23.794 DEBUG [BestMovie4you_bot Telegram Executor] org.hibernate.SQL - select fe1_0.id,fe1_0.original_title,fe1_0.user_id from films fe1_0 where fe1_0.user_id=?
2026-05-13 17:59:23.794 TRACE [BestMovie4you_bot Telegram Executor] org.hibernate.orm.jdbc.bind - binding parameter (1:BIGINT) <- [1]
2026-05-13 17:59:25.303 DEBUG [BestMovie4you_bot Telegram Executor] org.hibernate.SQL - delete from films where id=?
2026-05-13 17:59:25.304 TRACE [BestMovie4you_bot Telegram Executor] org.hibernate.orm.jdbc.bind - binding parameter (1:BIGINT) <- [6]
2026-05-13 17:59:26.796 DEBUG [BestMovie4you_bot Telegram Executor] org.hibernate.SQL - delete from films where id=?
2026-05-13 17:59:26.796 TRACE [BestMovie4you_bot Telegram Executor] org.hibernate.orm.jdbc.bind - binding parameter (1:BIGINT) <- [7]
2026-05-13 17:59:27.864 DEBUG [BestMovie4you_bot Telegram Executor] org.hibernate.SQL - delete from films where id=?
2026-05-13 17:59:27.864 TRACE [BestMovie4you_bot Telegram Executor] org.hibernate.orm.jdbc.bind - binding parameter (1:BIGINT) <- [8]
2026-05-13 17:59:27.975 DEBUG [BestMovie4you_bot Telegram Executor] org.hibernate.SQL - delete from films where id=?
2026-05-13 17:59:27.975 TRACE [BestMovie4you_bot Telegram Executor] org.hibernate.orm.jdbc.bind - binding parameter (1:BIGINT) <- [8]
2026-05-13 17:59:30.643 DEBUG [BestMovie4you_bot Telegram Executor] org.hibernate.SQL - select ue1_0.id,ue1_0.chat_id,ue1_0.name,ue1_0.user_tg_id from users ue1_0 where ue1_0.user_tg_id=?
2026-05-13 17:59:30.643 TRACE [BestMovie4you_bot Telegram Executor] org.hibernate.orm.jdbc.bind - binding parameter (1:BIGINT) <- [1364198563]
2026-05-13 17:59:30.644 DEBUG [BestMovie4you_bot Telegram Executor] org.hibernate.SQL - select fe1_0.id,fe1_0.original_title,fe1_0.user_id from films fe1_0 where fe1_0.user_id=?
2026-05-13 17:59:30.644 TRACE [BestMovie4you_bot Telegram Executor] org.hibernate.orm.jdbc.bind - binding parameter (1:BIGINT) <- [1]
2026-05-13 17:59:32.531 DEBUG [BestMovie4you_bot Telegram Executor] org.hibernate.SQL - select ue1_0.id,ue1_0.chat_id,ue1_0.name,ue1_0.user_tg_id from users ue1_0 where ue1_0.user_tg_id=?
2026-05-13 17:59:32.531 TRACE [BestMovie4you_bot Telegram Executor] org.hibernate.orm.jdbc.bind - binding parameter (1:BIGINT) <- [1364198563]
2026-05-13 17:59:32.544 DEBUG [BestMovie4you_bot Telegram Executor] org.hibernate.SQL - INSERT INTO films (original_title, user_id) VALUES (?, ?)
2026-05-13 17:59:32.545 TRACE [BestMovie4you_bot Telegram Executor] org.hibernate.orm.jdbc.bind - binding parameter (1:VARCHAR) <- [A Marvel Television Special Presentation - The Punisher: One Last Kill]
2026-05-13 17:59:32.545 TRACE [BestMovie4you_bot Telegram Executor] org.hibernate.orm.jdbc.bind - binding parameter (2:BIGINT) <- [1]
2026-05-13 17:59:35.467 DEBUG [BestMovie4you_bot Telegram Executor] org.hibernate.SQL - select ue1_0.id,ue1_0.chat_id,ue1_0.name,ue1_0.user_tg_id from users ue1_0 where ue1_0.user_tg_id=?
2026-05-13 17:59:35.467 TRACE [BestMovie4you_bot Telegram Executor] org.hibernate.orm.jdbc.bind - binding parameter (1:BIGINT) <- [1364198563]
2026-05-13 17:59:35.469 DEBUG [BestMovie4you_bot Telegram Executor] org.hibernate.SQL - select fe1_0.id,fe1_0.original_title,fe1_0.user_id from films fe1_0 where fe1_0.user_id=?
2026-05-13 17:59:35.469 TRACE [BestMovie4you_bot Telegram Executor] org.hibernate.orm.jdbc.bind - binding parameter (1:BIGINT) <- [1]
2026-05-13 17:59:37.318 DEBUG [BestMovie4you_bot Telegram Executor] org.hibernate.SQL - select ue1_0.id,ue1_0.chat_id,ue1_0.name,ue1_0.user_tg_id from users ue1_0 where ue1_0.user_tg_id=?
2026-05-13 17:59:37.318 TRACE [BestMovie4you_bot Telegram Executor] org.hibernate.orm.jdbc.bind - binding parameter (1:BIGINT) <- [1364198563]
2026-05-13 17:59:37.319 DEBUG [BestMovie4you_bot Telegram Executor] org.hibernate.SQL - INSERT INTO films (original_title, user_id) VALUES (?, ?)
2026-05-13 17:59:37.319 TRACE [BestMovie4you_bot Telegram Executor] org.hibernate.orm.jdbc.bind - binding parameter (1:VARCHAR) <- [A Marvel Television Special Presentation - The Punisher: One Last Kill]
2026-05-13 17:59:37.319 TRACE [BestMovie4you_bot Telegram Executor] org.hibernate.orm.jdbc.bind - binding parameter (2:BIGINT) <- [1]
2026-05-13 17:59:39.998 DEBUG [BestMovie4you_bot Telegram Executor] org.hibernate.SQL - select ue1_0.id,ue1_0.chat_id,ue1_0.name,ue1_0.user_tg_id from users ue1_0 where ue1_0.user_tg_id=?
2026-05-13 17:59:39.998 TRACE [BestMovie4you_bot Telegram Executor] org.hibernate.orm.jdbc.bind - binding parameter (1:BIGINT) <- [1364198563]
2026-05-13 17:59:39.999 DEBUG [BestMovie4you_bot Telegram Executor] org.hibernate.SQL - select fe1_0.id,fe1_0.original_title,fe1_0.user_id from films fe1_0 where fe1_0.user_id=?
2026-05-13 17:59:39.999 TRACE [BestMovie4you_bot Telegram Executor] org.hibernate.orm.jdbc.bind - binding parameter (1:BIGINT) <- [1]
2026-05-13 17:59:41.685 DEBUG [BestMovie4you_bot Telegram Executor] org.hibernate.SQL - delete from films where id=?
2026-05-13 17:59:41.685 TRACE [BestMovie4you_bot Telegram Executor] org.hibernate.orm.jdbc.bind - binding parameter (1:BIGINT) <- [5]
2026-05-13 17:59:43.467 DEBUG [BestMovie4you_bot Telegram Executor] org.hibernate.SQL - delete from films where id=?
2026-05-13 17:59:43.467 TRACE [BestMovie4you_bot Telegram Executor] org.hibernate.orm.jdbc.bind - binding parameter (1:BIGINT) <- [6]
2026-05-13 18:02:02.711 DEBUG [BestMovie4you_bot Telegram Executor] org.hibernate.SQL - select ue1_0.id,ue1_0.chat_id,ue1_0.name,ue1_0.user_tg_id from users ue1_0 where ue1_0.user_tg_id=?
2026-05-13 18:02:02.715 TRACE [BestMovie4you_bot Telegram Executor] org.hibernate.orm.jdbc.bind - binding parameter (1:BIGINT) <- [1364198563]
2026-05-13 18:02:02.742 DEBUG [BestMovie4you_bot Telegram Executor] org.hibernate.SQL - select fe1_0.id,fe1_0.original_title,fe1_0.user_id from films fe1_0 where fe1_0.user_id=?
2026-05-13 18:02:02.742 TRACE [BestMovie4you_bot Telegram Executor] org.hibernate.orm.jdbc.bind - binding parameter (1:BIGINT) <- [1]
2026-05-13 18:02:05.408 DEBUG [BestMovie4you_bot Telegram Executor] org.hibernate.SQL - select ue1_0.id,ue1_0.chat_id,ue1_0.name,ue1_0.user_tg_id from users ue1_0 where ue1_0.user_tg_id=?
2026-05-13 18:02:05.409 TRACE [BestMovie4you_bot Telegram Executor] org.hibernate.orm.jdbc.bind - binding parameter (1:BIGINT) <- [1364198563]
2026-05-13 18:02:05.410 DEBUG [BestMovie4you_bot Telegram Executor] org.hibernate.SQL - select fe1_0.id,fe1_0.original_title,fe1_0.user_id from films fe1_0 where fe1_0.user_id=?
2026-05-13 18:02:05.410 TRACE [BestMovie4you_bot Telegram Executor] org.hibernate.orm.jdbc.bind - binding parameter (1:BIGINT) <- [1]
2026-05-13 18:02:06.613 DEBUG [BestMovie4you_bot Telegram Executor] org.hibernate.SQL - select ue1_0.id,ue1_0.chat_id,ue1_0.name,ue1_0.user_tg_id from users ue1_0 where ue1_0.user_tg_id=?
2026-05-13 18:02:06.613 TRACE [BestMovie4you_bot Telegram Executor] org.hibernate.orm.jdbc.bind - binding parameter (1:BIGINT) <- [1364198563]
2026-05-13 18:02:06.627 DEBUG [BestMovie4you_bot Telegram Executor] org.hibernate.SQL - INSERT INTO films (original_title, user_id) VALUES (?, ?)
2026-05-13 18:02:06.627 TRACE [BestMovie4you_bot Telegram Executor] org.hibernate.orm.jdbc.bind - binding parameter (1:VARCHAR) <- [A Marvel Television Special Presentation - The Punisher: One Last Kill]
2026-05-13 18:02:06.627 TRACE [BestMovie4you_bot Telegram Executor] org.hibernate.orm.jdbc.bind - binding parameter (2:BIGINT) <- [1]
2026-05-13 18:02:10.547 DEBUG [BestMovie4you_bot Telegram Executor] org.hibernate.SQL - select ue1_0.id,ue1_0.chat_id,ue1_0.name,ue1_0.user_tg_id from users ue1_0 where ue1_0.user_tg_id=?
2026-05-13 18:02:10.547 TRACE [BestMovie4you_bot Telegram Executor] org.hibernate.orm.jdbc.bind - binding parameter (1:BIGINT) <- [1364198563]
2026-05-13 18:02:10.548 DEBUG [BestMovie4you_bot Telegram Executor] org.hibernate.SQL - select fe1_0.id,fe1_0.original_title,fe1_0.user_id from films fe1_0 where fe1_0.user_id=?
2026-05-13 18:02:10.549 TRACE [BestMovie4you_bot Telegram Executor] org.hibernate.orm.jdbc.bind - binding parameter (1:BIGINT) <- [1]
2026-05-13 18:02:12.635 DEBUG [BestMovie4you_bot Telegram Executor] org.hibernate.SQL - select ue1_0.id,ue1_0.chat_id,ue1_0.name,ue1_0.user_tg_id from users ue1_0 where ue1_0.user_tg_id=?
2026-05-13 18:02:12.635 TRACE [BestMovie4you_bot Telegram Executor] org.hibernate.orm.jdbc.bind - binding parameter (1:BIGINT) <- [1364198563]
2026-05-13 18:02:12.636 DEBUG [BestMovie4you_bot Telegram Executor] org.hibernate.SQL - select fe1_0.id,fe1_0.original_title,fe1_0.user_id from films fe1_0 where fe1_0.user_id=?
2026-05-13 18:02:12.636 TRACE [BestMovie4you_bot Telegram Executor] org.hibernate.orm.jdbc.bind - binding parameter (1:BIGINT) <- [1]
2026-05-13 18:02:14.863 DEBUG [BestMovie4you_bot Telegram Executor] org.hibernate.SQL - select ue1_0.id,ue1_0.chat_id,ue1_0.name,ue1_0.user_tg_id from users ue1_0 where ue1_0.user_tg_id=?
2026-05-13 18:02:14.863 TRACE [BestMovie4you_bot Telegram Executor] org.hibernate.orm.jdbc.bind - binding parameter (1:BIGINT) <- [1364198563]
2026-05-13 18:02:14.864 DEBUG [BestMovie4you_bot Telegram Executor] org.hibernate.SQL - INSERT INTO films (original_title, user_id) VALUES (?, ?)
2026-05-13 18:02:14.864 TRACE [BestMovie4you_bot Telegram Executor] org.hibernate.orm.jdbc.bind - binding parameter (1:VARCHAR) <- [A Marvel Television Special Presentation - The Punisher: One Last Kill]
2026-05-13 18:02:14.864 TRACE [BestMovie4you_bot Telegram Executor] org.hibernate.orm.jdbc.bind - binding parameter (2:BIGINT) <- [1]
2026-05-13 18:02:16.946 DEBUG [BestMovie4you_bot Telegram Executor] org.hibernate.SQL - select ue1_0.id,ue1_0.chat_id,ue1_0.name,ue1_0.user_tg_id from users ue1_0 where ue1_0.user_tg_id=?
2026-05-13 18:02:16.946 TRACE [BestMovie4you_bot Telegram Executor] org.hibernate.orm.jdbc.bind - binding parameter (1:BIGINT) <- [1364198563]
2026-05-13 18:02:16.946 DEBUG [BestMovie4you_bot Telegram Executor] org.hibernate.SQL - select fe1_0.id,fe1_0.original_title,fe1_0.user_id from films fe1_0 where fe1_0.user_id=?
2026-05-13 18:02:16.946 TRACE [BestMovie4you_bot Telegram Executor] org.hibernate.orm.jdbc.bind - binding parameter (1:BIGINT) <- [1]
2026-05-13 18:03:46.397 DEBUG [BestMovie4you_bot Telegram Executor] org.hibernate.SQL - select ue1_0.id,ue1_0.chat_id,ue1_0.name,ue1_0.user_tg_id from users ue1_0 where ue1_0.user_tg_id=?
2026-05-13 18:03:46.401 TRACE [BestMovie4you_bot Telegram Executor] org.hibernate.orm.jdbc.bind - binding parameter (1:BIGINT) <- [1364198563]
2026-05-13 18:03:46.429 DEBUG [BestMovie4you_bot Telegram Executor] org.hibernate.SQL - select fe1_0.id,fe1_0.original_title,fe1_0.user_id from films fe1_0 where fe1_0.user_id=?
2026-05-13 18:03:46.429 TRACE [BestMovie4you_bot Telegram Executor] org.hibernate.orm.jdbc.bind - binding parameter (1:BIGINT) <- [1]
2026-05-13 18:03:48.008 DEBUG [BestMovie4you_bot Telegram Executor] org.hibernate.SQL - delete from films where id=?
2026-05-13 18:03:48.009 TRACE [BestMovie4you_bot Telegram Executor] org.hibernate.orm.jdbc.bind - binding parameter (1:BIGINT) <- [5]
2026-05-13 18:03:49.416 DEBUG [BestMovie4you_bot Telegram Executor] org.hibernate.SQL - delete from films where id=?
2026-05-13 18:03:49.416 TRACE [BestMovie4you_bot Telegram Executor] org.hibernate.orm.jdbc.bind - binding parameter (1:BIGINT) <- [6]
2026-05-13 18:03:51.684 DEBUG [BestMovie4you_bot Telegram Executor] org.hibernate.SQL - select ue1_0.id,ue1_0.chat_id,ue1_0.name,ue1_0.user_tg_id from users ue1_0 where ue1_0.user_tg_id=?
2026-05-13 18:03:51.684 TRACE [BestMovie4you_bot Telegram Executor] org.hibernate.orm.jdbc.bind - binding parameter (1:BIGINT) <- [1364198563]
2026-05-13 18:03:51.685 DEBUG [BestMovie4you_bot Telegram Executor] org.hibernate.SQL - select fe1_0.id,fe1_0.original_title,fe1_0.user_id from films fe1_0 where fe1_0.user_id=?
2026-05-13 18:03:51.685 TRACE [BestMovie4you_bot Telegram Executor] org.hibernate.orm.jdbc.bind - binding parameter (1:BIGINT) <- [1]
2026-05-13 18:03:53.300 DEBUG [BestMovie4you_bot Telegram Executor] org.hibernate.SQL - select ue1_0.id,ue1_0.chat_id,ue1_0.name,ue1_0.user_tg_id from users ue1_0 where ue1_0.user_tg_id=?
2026-05-13 18:03:53.300 TRACE [BestMovie4you_bot Telegram Executor] org.hibernate.orm.jdbc.bind - binding parameter (1:BIGINT) <- [1364198563]
2026-05-13 18:03:53.312 DEBUG [BestMovie4you_bot Telegram Executor] org.hibernate.SQL - INSERT INTO films (original_title, user_id) VALUES (?, ?)
2026-05-13 18:03:53.312 TRACE [BestMovie4you_bot Telegram Executor] org.hibernate.orm.jdbc.bind - binding parameter (1:VARCHAR) <- [A Marvel Television Special Presentation - The Punisher: One Last Kill]
2026-05-13 18:03:53.313 TRACE [BestMovie4you_bot Telegram Executor] org.hibernate.orm.jdbc.bind - binding parameter (2:BIGINT) <- [1]
2026-05-13 18:03:55.935 DEBUG [BestMovie4you_bot Telegram Executor] org.hibernate.SQL - select ue1_0.id,ue1_0.chat_id,ue1_0.name,ue1_0.user_tg_id from users ue1_0 where ue1_0.user_tg_id=?
2026-05-13 18:03:55.936 TRACE [BestMovie4you_bot Telegram Executor] org.hibernate.orm.jdbc.bind - binding parameter (1:BIGINT) <- [1364198563]
2026-05-13 18:03:55.937 DEBUG [BestMovie4you_bot Telegram Executor] org.hibernate.SQL - select fe1_0.id,fe1_0.original_title,fe1_0.user_id from films fe1_0 where fe1_0.user_id=?
2026-05-13 18:03:55.937 TRACE [BestMovie4you_bot Telegram Executor] org.hibernate.orm.jdbc.bind - binding parameter (1:BIGINT) <- [1]
2026-05-13 18:04:25.069 DEBUG [BestMovie4you_bot Telegram Executor] org.hibernate.SQL - select ue1_0.id,ue1_0.chat_id,ue1_0.name,ue1_0.user_tg_id from users ue1_0 where ue1_0.user_tg_id=?
2026-05-13 18:04:25.069 DEBUG [BestMovie4you_bot Telegram Executor] org.hibernate.SQL - select ue1_0.id,ue1_0.chat_id,ue1_0.name,ue1_0.user_tg_id from users ue1_0 where ue1_0.user_tg_id=?
2026-05-13 18:04:25.073 TRACE [BestMovie4you_bot Telegram Executor] org.hibernate.orm.jdbc.bind - binding parameter (1:BIGINT) <- [1364198563]
2026-05-13 18:04:25.073 TRACE [BestMovie4you_bot Telegram Executor] org.hibernate.orm.jdbc.bind - binding parameter (1:BIGINT) <- [1364198563]
2026-05-13 18:04:25.105 DEBUG [BestMovie4you_bot Telegram Executor] org.hibernate.SQL - select fe1_0.id,fe1_0.original_title,fe1_0.user_id from films fe1_0 where fe1_0.user_id=?
2026-05-13 18:04:25.105 DEBUG [BestMovie4you_bot Telegram Executor] org.hibernate.SQL - select fe1_0.id,fe1_0.original_title,fe1_0.user_id from films fe1_0 where fe1_0.user_id=?
2026-05-13 18:04:25.107 TRACE [BestMovie4you_bot Telegram Executor] org.hibernate.orm.jdbc.bind - binding parameter (1:BIGINT) <- [1]
2026-05-13 18:04:25.107 TRACE [BestMovie4you_bot Telegram Executor] org.hibernate.orm.jdbc.bind - binding parameter (1:BIGINT) <- [1]
2026-05-13 18:04:26.939 DEBUG [BestMovie4you_bot Telegram Executor] org.hibernate.SQL - delete from films where id=?
2026-05-13 18:04:26.939 TRACE [BestMovie4you_bot Telegram Executor] org.hibernate.orm.jdbc.bind - binding parameter (1:BIGINT) <- [5]
2026-05-13 18:04:29.666 DEBUG [BestMovie4you_bot Telegram Executor] org.hibernate.SQL - select ue1_0.id,ue1_0.chat_id,ue1_0.name,ue1_0.user_tg_id from users ue1_0 where ue1_0.user_tg_id=?
2026-05-13 18:04:29.667 TRACE [BestMovie4you_bot Telegram Executor] org.hibernate.orm.jdbc.bind - binding parameter (1:BIGINT) <- [1364198563]
2026-05-13 18:04:29.668 DEBUG [BestMovie4you_bot Telegram Executor] org.hibernate.SQL - select fe1_0.id,fe1_0.original_title,fe1_0.user_id from films fe1_0 where fe1_0.user_id=?
2026-05-13 18:04:29.669 TRACE [BestMovie4you_bot Telegram Executor] org.hibernate.orm.jdbc.bind - binding parameter (1:BIGINT) <- [1]
2026-05-13 18:04:32.048 DEBUG [BestMovie4you_bot Telegram Executor] org.hibernate.SQL - select ue1_0.id,ue1_0.chat_id,ue1_0.name,ue1_0.user_tg_id from users ue1_0 where ue1_0.user_tg_id=?
2026-05-13 18:04:32.048 TRACE [BestMovie4you_bot Telegram Executor] org.hibernate.orm.jdbc.bind - binding parameter (1:BIGINT) <- [1364198563]
2026-05-13 18:04:32.049 DEBUG [BestMovie4you_bot Telegram Executor] org.hibernate.SQL - select fe1_0.id,fe1_0.original_title,fe1_0.user_id from films fe1_0 where fe1_0.user_id=?
2026-05-13 18:04:32.049 TRACE [BestMovie4you_bot Telegram Executor] org.hibernate.orm.jdbc.bind - binding parameter (1:BIGINT) <- [1]
2026-05-13 18:04:33.147 DEBUG [BestMovie4you_bot Telegram Executor] org.hibernate.SQL - select ue1_0.id,ue1_0.chat_id,ue1_0.name,ue1_0.user_tg_id from users ue1_0 where ue1_0.user_tg_id=?
2026-05-13 18:04:33.148 TRACE [BestMovie4you_bot Telegram Executor] org.hibernate.orm.jdbc.bind - binding parameter (1:BIGINT) <- [1364198563]
2026-05-13 18:04:33.162 DEBUG [BestMovie4you_bot Telegram Executor] org.hibernate.SQL - INSERT INTO films (original_title, user_id) VALUES (?, ?)
2026-05-13 18:04:33.162 TRACE [BestMovie4you_bot Telegram Executor] org.hibernate.orm.jdbc.bind - binding parameter (1:VARCHAR) <- [A Marvel Television Special Presentation - The Punisher: One Last Kill]
2026-05-13 18:04:33.162 TRACE [BestMovie4you_bot Telegram Executor] org.hibernate.orm.jdbc.bind - binding parameter (2:BIGINT) <- [1]
2026-05-13 18:04:35.111 DEBUG [BestMovie4you_bot Telegram Executor] org.hibernate.SQL - select ue1_0.id,ue1_0.chat_id,ue1_0.name,ue1_0.user_tg_id from users ue1_0 where ue1_0.user_tg_id=?
2026-05-13 18:04:35.111 TRACE [BestMovie4you_bot Telegram Executor] org.hibernate.orm.jdbc.bind - binding parameter (1:BIGINT) <- [1364198563]
2026-05-13 18:04:35.113 DEBUG [BestMovie4you_bot Telegram Executor] org.hibernate.SQL - select fe1_0.id,fe1_0.original_title,fe1_0.user_id from films fe1_0 where fe1_0.user_id=?
2026-05-13 18:04:35.114 TRACE [BestMovie4you_bot Telegram Executor] org.hibernate.orm.jdbc.bind - binding parameter (1:BIGINT) <- [1]
2026-05-13 18:04:36.686 DEBUG [BestMovie4you_bot Telegram Executor] org.hibernate.SQL - select ue1_0.id,ue1_0.chat_id,ue1_0.name,ue1_0.user_tg_id from users ue1_0 where ue1_0.user_tg_id=?
2026-05-13 18:04:36.686 TRACE [BestMovie4you_bot Telegram Executor] org.hibernate.orm.jdbc.bind - binding parameter (1:BIGINT) <- [1364198563]
2026-05-13 18:04:36.687 DEBUG [BestMovie4you_bot Telegram Executor] org.hibernate.SQL - INSERT INTO films (original_title, user_id) VALUES (?, ?)
2026-05-13 18:04:36.687 TRACE [BestMovie4you_bot Telegram Executor] org.hibernate.orm.jdbc.bind - binding parameter (1:VARCHAR) <- [Project Hail Mary]
2026-05-13 18:04:36.687 TRACE [BestMovie4you_bot Telegram Executor] org.hibernate.orm.jdbc.bind - binding parameter (2:BIGINT) <- [1]
2026-05-13 18:04:38.284 DEBUG [BestMovie4you_bot Telegram Executor] org.hibernate.SQL - select ue1_0.id,ue1_0.chat_id,ue1_0.name,ue1_0.user_tg_id from users ue1_0 where ue1_0.user_tg_id=?
2026-05-13 18:04:38.285 TRACE [BestMovie4you_bot Telegram Executor] org.hibernate.orm.jdbc.bind - binding parameter (1:BIGINT) <- [1364198563]
2026-05-13 18:04:38.286 DEBUG [BestMovie4you_bot Telegram Executor] org.hibernate.SQL - select fe1_0.id,fe1_0.original_title,fe1_0.user_id from films fe1_0 where fe1_0.user_id=?
2026-05-13 18:04:38.286 TRACE [BestMovie4you_bot Telegram Executor] org.hibernate.orm.jdbc.bind - binding parameter (1:BIGINT) <- [1]
2026-05-13 18:04:40.762 DEBUG [BestMovie4you_bot Telegram Executor] org.hibernate.SQL - select ue1_0.id,ue1_0.chat_id,ue1_0.name,ue1_0.user_tg_id from users ue1_0 where ue1_0.user_tg_id=?
2026-05-13 18:04:40.762 TRACE [BestMovie4you_bot Telegram Executor] org.hibernate.orm.jdbc.bind - binding parameter (1:BIGINT) <- [1364198563]
2026-05-13 18:04:40.764 DEBUG [BestMovie4you_bot Telegram Executor] org.hibernate.SQL - select fe1_0.id,fe1_0.original_title,fe1_0.user_id from films fe1_0 where fe1_0.user_id=?
2026-05-13 18:04:40.764 TRACE [BestMovie4you_bot Telegram Executor] org.hibernate.orm.jdbc.bind - binding parameter (1:BIGINT) <- [1]
2026-05-13 18:04:43.922 DEBUG [BestMovie4you_bot Telegram Executor] org.hibernate.SQL - delete from films where id=?
2026-05-13 18:04:43.923 TRACE [BestMovie4you_bot Telegram Executor] org.hibernate.orm.jdbc.bind - binding parameter (1:BIGINT) <- [6]
2026-05-13 18:04:46.087 DEBUG [BestMovie4you_bot Telegram Executor] org.hibernate.SQL - select ue1_0.id,ue1_0.chat_id,ue1_0.name,ue1_0.user_tg_id from users ue1_0 where ue1_0.user_tg_id=?
2026-05-13 18:04:46.087 TRACE [BestMovie4you_bot Telegram Executor] org.hibernate.orm.jdbc.bind - binding parameter (1:BIGINT) <- [1364198563]
2026-05-13 18:04:46.088 DEBUG [BestMovie4you_bot Telegram Executor] org.hibernate.SQL - select fe1_0.id,fe1_0.original_title,fe1_0.user_id from films fe1_0 where fe1_0.user_id=?
2026-05-13 18:04:46.088 TRACE [BestMovie4you_bot Telegram Executor] org.hibernate.orm.jdbc.bind - binding parameter (1:BIGINT) <- [1]
